Batch Number,Batch Row,SKU,Item Name,Customer-facing Name,Reporting Category,Default Vendor Name,Default Vendor Code,Local Image Filename,Local Image Relative Path,Local Image Absolute Path,Website Image URL,Has Local Image,Has Website Image,Has Any Image
2,1,T-T5-V2-COMPLETE,No 5 Clamp w/ all hardware Tucker® V2,Number 5 Clamp w/ all hardware Tucker® V2,Tucker,Tucker,T-T5-V2-COMPLETE,T-T5-V2-COMPLETE.png,Images\Tucker images\T-T5-V2-COMPLETE.png,C:\Codex\AZCS Inventory\Images\Tucker images\T-T5-V2-COMPLETE.png,https://cdn.shopify.com/s/files/1/0558/4191/4998/products/number-5-clamp-w-all-hardware-tucker-v2-472706.jpg?v=1746392609,Y,Y,Y
2,2,T-T6-V2-COMPLETE,No 6 Clamp w/ all hardware Tucker® V2,Number 6 Clamp w/ all hardware Tucker® V2,Tucker,Tucker,T-T6-V2-COMPLETE,T-T6-V2-COMPLETE.png,Images\Tucker images\T-T6-V2-COMPLETE.png,C:\Codex\AZCS Inventory\Images\Tucker images\T-T6-V2-COMPLETE.png,https://cdn.shopify.com/s/files/1/0558/4191/4998/products/number-6-clamp-w-all-hardware-tucker-v2-197353.jpg?v=1746392605,Y,Y,Y
2,3,T-T7-V2-COMPLETE,No 7 Clamp w/ all hardware Tucker® V2,Number 7 Clamp w/ all hardware Tucker® V2,Tucker,Tucker,T-T7-V2-COMPLETE,T-T7-V2-COMPLETE.png,Images\Tucker images\T-T7-V2-COMPLETE.png,C:\Codex\AZCS Inventory\Images\Tucker images\T-T7-V2-COMPLETE.png,https://cdn.shopify.com/s/files/1/0558/4191/4998/products/number-7-clamp-w-all-hardware-tucker-v2-318959.jpg?v=1746392637,Y,Y,Y
2,4,T-T8-V2-COMPLETE,No 8 Clamp w/ all hardware Tucker® V2,Number 8 Clamp w/ all hardware Tucker® V2,Tucker,Tucker,T-T8-V2-COMPLETE,T-T8-V2-COMPLETE.png,Images\Tucker images\T-T8-V2-COMPLETE.png,C:\Codex\AZCS Inventory\Images\Tucker images\T-T8-V2-COMPLETE.png,https://cdn.shopify.com/s/files/1/0558/4191/4998/products/number-8-clamp-w-all-hardware-tucker-v2-224004.jpg?v=1746392635,Y,Y,Y
2,5,T-T9-V2-COMPLETE,No 9 Clamp w/ all hardware Tucker® V2,Number 9 Clamp w/all hardware Tucker® V2,Tucker,Tucker,T-T9-V2-COMPLETE,T-T9-V2-COMPLETE.png,Images\Tucker images\T-T9-V2-COMPLETE.png,C:\Codex\AZCS Inventory\Images\Tucker images\T-T9-V2-COMPLETE.png,https://cdn.shopify.com/s/files/1/0558/4191/4998/products/number-9-clamp-wall-hardware-tucker-v2-955061.jpg?v=1746392634,Y,Y,Y
2,6,T-WHEEL-NF,No Flat Wheel,No Flat Wheel,Tucker,Tucker,T-WHEEL-NF,T-WHEEL-NF.png,Images\Tucker images\T-WHEEL-NF.png,C:\Codex\AZCS Inventory\Images\Tucker images\T-WHEEL-NF.png,,Y,N,Y
2,7,T-NOFLAT-KIT,No Flat Wheel Retrofit Kit w/ 2 bolts and 2 split washers,No Flat Wheel Retrofit Kit,Tucker,Tucker,T-NOFLAT-KIT,T-NOFLAT-KIT.png,Images\Tucker images\T-NOFLAT-KIT.png,C:\Codex\AZCS Inventory\Images\Tucker images\T-NOFLAT-KIT.png,https://cdn.shopify.com/s/files/1/0558/4191/4998/files/no-flat-wheel-retrofit-kit-114472.jpg?v=1746392735,Y,Y,Y
2,8,20067-SMALL,"O-ring for 2.5"" Housing",Replacement O-ring for Tucker® Carbon Housing,Tucker,Tucker,20067-SMALL,20067-SMALL.png,Images\Tucker images\20067-SMALL.png,C:\Codex\AZCS Inventory\Images\Tucker images\20067-SMALL.png,https://cdn.shopify.com/s/files/1/0558/4191/4998/products/replacement-o-ring-for-tucker-carbon-housing-446279.jpg?v=1746392674,Y,Y,Y
2,9,20067-LARGE,"O-ring for 4.5"" Housing",Replacement O-ring for Tucker® DI Housing,Tucker,Tucker,20067-LARGE,20067-LARGE.png,Images\Tucker images\20067-LARGE.png,C:\Codex\AZCS Inventory\Images\Tucker images\20067-LARGE.png,https://cdn.shopify.com/s/files/1/0558/4191/4998/products/replacement-o-ring-for-tucker-di-housing-623971.jpg?v=1746392897,Y,Y,Y
2,10,20063,O-ring for serviceable housing insert,"O-ring for insert - for 4"" stainless steel housing",Tucker,Tucker,20063,20063.png,Images\Tucker images\20063.png,C:\Codex\AZCS Inventory\Images\Tucker images\20063.png,https://cdn.shopify.com/s/files/1/0558/4191/4998/files/o-ring-for-serviceable-housing-insert-397089.jpg?v=1746392089,Y,Y,Y
2,11,T-VELCRO-10X2,"Pair of 2""x10"" Velcro Strips",Replacement Velcro for Alpha Scrubber STD Size,Tucker,Tucker,T-VELCRO-10X2,T-VELCRO-10X2.png,Images\Tucker images\T-VELCRO-10X2.png,C:\Codex\AZCS Inventory\Images\Tucker images\T-VELCRO-10X2.png,https://cdn.shopify.com/s/files/1/0558/4191/4998/files/replacement-velcro-for-alpha-scrubber-std-size-391788.jpg?v=1746392170,Y,Y,Y
2,12,T-VELCRO-16X2,"Pair of 2""x16"" Velcro Strips",Replacement Velcro for Alpha Scrubber XL Size,Tucker,Tucker,T-VELCRO-16X2,T-VELCRO-16X2.png,Images\Tucker images\T-VELCRO-16X2.png,C:\Codex\AZCS Inventory\Images\Tucker images\T-VELCRO-16X2.png,https://cdn.shopify.com/s/files/1/0558/4191/4998/files/replacement-velcro-for-alpha-scrubber-xl-size-416644.jpg?v=1746392168,Y,Y,Y
2,13,50006-PS,Pair Small Diameter Pencil Jet,Pair Of Tucker® Euro Brush Pencil Jets,Tucker,Tucker,50006-PS,50006-PS.png,Images\Tucker images\50006-PS.png,C:\Codex\AZCS Inventory\Images\Tucker images\50006-PS.png,https://cdn.shopify.com/s/files/1/0558/4191/4998/products/pair-of-tucker-euro-brush-pencil-jets-632660.jpg?v=1746392805,Y,Y,Y
2,14,20019,Pigtail Inlet,Pigtail Inlet,Tucker,Tucker,20019,20019.png,Images\Tucker images\20019.png,C:\Codex\AZCS Inventory\Images\Tucker images\20019.png,,Y,N,Y
2,15,20028,Pigtail Inlet/Outlet Kit,Pigtail Inlet/Outlet Kit,Tucker,Tucker,20028,20028.png,Images\Tucker images\20028.png,C:\Codex\AZCS Inventory\Images\Tucker images\20028.png,,Y,N,Y
2,16,20020,Pigtail Outlet,Pigtail Outlet,Tucker,Tucker,20020,20020.png,Images\Tucker images\20020.png,C:\Codex\AZCS Inventory\Images\Tucker images\20020.png,,Y,N,Y
2,17,T-EURO-TIP-PLASTIC,Plastic Euro Tip for #1 Clamp,Tucker® Euro Tip,Tucker,Tucker,T-EURO-TIP-PLASTIC,T-EURO-TIP-PLASTIC.png,Images\Tucker images\T-EURO-TIP-PLASTIC.png,C:\Codex\AZCS Inventory\Images\Tucker images\T-EURO-TIP-PLASTIC.png,https://cdn.shopify.com/s/files/1/0558/4191/4998/products/tucker-euro-tip-486717.jpg?v=1746392648,Y,Y,Y
2,18,12009-NUT,Plastic Nut for Strain Relief,"1/2"" Strain Relief Nut",Tucker,Tucker,12009-NUT,12009-NUT.jpeg,Images\Tucker images\12009-NUT.jpeg,C:\Codex\AZCS Inventory\Images\Tucker images\12009-NUT.jpeg,https://cdn.shopify.com/s/files/1/0558/4191/4998/products/12-strain-relief-nut-841632.jpg?v=1746392743,Y,Y,Y
2,19,T-OTT-XL-V2-P,Plastic Rinse Bar XL,Tucker® Over the Top Rinse Bar Large PLASTIC,Tucker,Tucker,T-OTT-XL-V2-P,T-OTT-XL-V2-P.png,Images\Tucker images\T-OTT-XL-V2-P.png,C:\Codex\AZCS Inventory\Images\Tucker images\T-OTT-XL-V2-P.png,https://cdn.shopify.com/s/files/1/0558/4191/4998/products/tucker-over-the-top-rinse-bar-large-plastic-125982.jpg?v=1746392932,Y,Y,Y
2,20,12003,Pressure Regulator 5 1/2 Ports,5 Port Pressure Regulator,Tucker,Tucker,12003,12003.png,Images\Tucker images\12003.png,C:\Codex\AZCS Inventory\Images\Tucker images\12003.png,https://cdn.shopify.com/s/files/1/0558/4191/4998/files/5-port-pressure-regulator-8759477.png?v=1761654539,Y,Y,Y
2,21,40015,Reach Around ACME Piece,Tucker® Reach Around Adapter,Tucker,Tucker,40015,40015.png,Images\Tucker images\40015.png,C:\Codex\AZCS Inventory\Images\Tucker images\40015.png,https://cdn.shopify.com/s/files/1/0558/4191/4998/files/tucker-reach-around-adapter-115952.jpg?v=1746392395,Y,Y,Y
2,22,40001-V1,Reach Around Gooseneck,Tucker® Reach Around Gooseneck V1,Tucker,Tucker,40001-V1,40001-V1.png,Images\Tucker images\40001-V1.png,C:\Codex\AZCS Inventory\Images\Tucker images\40001-V1.png,https://cdn.shopify.com/s/files/1/0558/4191/4998/products/tucker-reach-around-gooseneck-v1-321382.jpg?v=1746392693,Y,Y,Y
2,23,40001-V2,Reach Around Gooseneck w/ Quick Release for #1 Clamp,Tucker® Reach Around Gooseneck V2,Tucker,Tucker,40001-V2,40001-V2.png,Images\Tucker images\40001-V2.png,C:\Codex\AZCS Inventory\Images\Tucker images\40001-V2.png,https://cdn.shopify.com/s/files/1/0558/4191/4998/products/tucker-reach-around-gooseneck-v2-992074.jpg?v=1746392571,Y,Y,Y
2,24,T-RB,Reel Base for Tucker® Reels,Reel Base for Tucker® Reels,Tucker,Tucker,T-RB,T-RB.png,Images\Tucker images\T-RB.png,C:\Codex\AZCS Inventory\Images\Tucker images\T-RB.png,https://cdn.shopify.com/s/files/1/0558/4191/4998/files/reel-base-for-tucker-reels-8177465.png?v=1753305978,Y,Y,Y
2,25,12030,Remote Control - One Shot,Remote Control - One Shot,Tucker,Tucker,12030,12030.png,Images\Tucker images\12030.png,C:\Codex\AZCS Inventory\Images\Tucker images\12030.png,,Y,N,Y
2,26,80004-FOB,Remote Fob for Digital Flow Controller,Remote Fob for Digital Flow Controller,Tucker,Tucker,80004-FOB,80004-FOB.png,Images\Tucker images\80004-FOB.png,C:\Codex\AZCS Inventory\Images\Tucker images\80004-FOB.png,https://cdn.shopify.com/s/files/1/0558/4191/4998/products/remote-fob-for-digital-flow-controller-323341.jpg?v=1746392521,Y,Y,Y
2,27,12030-FOB,Remote Fob for ONE SHOT,Remote Fob for ONE SHOT,Tucker,Tucker,12030-FOB,12030-FOB.png,Images\Tucker images\12030-FOB.png,C:\Codex\AZCS Inventory\Images\Tucker images\12030-FOB.png,,Y,N,Y
2,28,80004-BAT,Replacement Battery for Flow Controller,Replacement Battery for Flow Controller,Tucker,Tucker,80004-BAT,80004-BAT.png,Images\Tucker images\80004-BAT.png,C:\Codex\AZCS Inventory\Images\Tucker images\80004-BAT.png,https://cdn.shopify.com/s/files/1/0558/4191/4998/products/replacement-battery-for-flow-controller-660357.jpg?v=1746392526,Y,Y,Y
2,29,RIVAL-BY-TUCKER®-WATER-FED-POLE-SYSTEM---BASI,RIVAL by Tucker® Water Fed Pole System - Basic 4-Stage Kit,RIVAL by Tucker® Water Fed Pole System - Basic 4-Stage Kit,Tucker,Tucker,RIVAL-BY-TUCKER®-WATER-FED-POLE-SYSTEM---BASI,RIVAL-BY-TUCKER®-WATER-FED-POLE-SYSTEM---BASI.png,Images\Tucker images\RIVAL-BY-TUCKER®-WATER-FED-POLE-SYSTEM---BASI.png,C:\Codex\AZCS Inventory\Images\Tucker images\RIVAL-BY-TUCKER®-WATER-FED-POLE-SYSTEM---BASI.png,,Y,N,Y
2,30,T-CART-RIVAL,Tucker Rival RO/DI Cart,Tucker Rival RO/DI Cart,Tucker,Tucker,T-CART-RIVAL-V2,T-CART-RIVAL-V2.jpeg,Images\Tucker images\T-CART-RIVAL-V2.jpeg,C:\Codex\AZCS Inventory\Images\Tucker images\T-CART-RIVAL-V2.jpeg,https://cdn.shopify.com/s/files/1/0558/4191/4998/files/rival-v2-by-tucker-stainless-steel-4-stage-rodi-system-831308.jpg?v=1746392065,Y,Y,Y
2,31,T-V2-DIS-UGK,Rival V2 DI Saver Upgrade Kit,Rival V2 DI Saver Upgrade Kit,Tucker,Tucker,T-V2-DIS-UGK,T-V2-DIS-UGK.jpeg,Images\Tucker images\T-V2-DIS-UGK.jpeg,C:\Codex\AZCS Inventory\Images\Tucker images\T-V2-DIS-UGK.jpeg,https://cdn.shopify.com/s/files/1/0558/4191/4998/files/rival-v2-di-saver-upgrade-kit-259166.jpg?v=1746392048,Y,Y,Y
2,32,T-RIVAL+DIY,RIVAL+ stage DIY KIT,Tucker® DIY 4-Stage RO/DI Kit,Tucker,Tucker,T-RIVAL+DIY,T-RIVAL+DIY.png,Images\Tucker images\T-RIVAL+DIY.png,C:\Codex\AZCS Inventory\Images\Tucker images\T-RIVAL+DIY.png,https://cdn.shopify.com/s/files/1/0558/4191/4998/files/tucker-diy-4-stage-rodi-kit-787466.jpg?v=1746392398,Y,Y,Y
2,33,20000,RO PRESERVE,RO Preserve,Tucker,Tucker,20000,20000.png,Images\Tucker images\20000.png,C:\Codex\AZCS Inventory\Images\Tucker images\20000.png,https://cdn.shopify.com/s/files/1/0558/4191/4998/products/ro-preserve-901801.jpg?v=1746393089,Y,Y,Y
2,34,12005,Rotary Vein Pump,Electric Booster Pump Replacement,Tucker,Tucker,12005,12005.png,Images\Tucker images\12005.png,C:\Codex\AZCS Inventory\Images\Tucker images\12005.png,https://cdn.shopify.com/s/files/1/0558/4191/4998/products/electric-booster-pump-replacement-877612.jpg?v=1746393111,Y,Y,Y
2,35,63050,Rubber Foot,Rubber Foot,Tucker,Tucker,63050,63050.png,Images\Tucker images\63050.png,C:\Codex\AZCS Inventory\Images\Tucker images\63050.png,,Y,N,Y
2,36,12021-A-SS,Saddle Clamp for SS Housing,Stainless Steel Housing Clamp,Tucker,Tucker,12021-A-SS,12021-A-SS.png,Images\Tucker images\12021-A-SS.png,C:\Codex\AZCS Inventory\Images\Tucker images\12021-A-SS.png,https://cdn.shopify.com/s/files/1/0558/4191/4998/products/stainless-steel-housing-clamp-618734.jpg?v=1746392902,Y,Y,Y
2,37,20062-SS,Serviceable Housing Insert w/ ALL o-rings for SS Housing,Serviceable Housing lid w/ ALL o-rings for SS Housing,Tucker,Tucker,20062-SS,20062-SS.png,Images\Tucker images\20062-SS.png,C:\Codex\AZCS Inventory\Images\Tucker images\20062-SS.png,https://cdn.shopify.com/s/files/1/0558/4191/4998/files/serviceable-housing-insert-w-all-o-rings-for-ss-housing-360284.jpg?v=1746392103,Y,Y,Y
2,38,T-GN-ADJ-V2,Shaft end of adjustable Tucker Gooseneck,V2 end of Adjustable Tucker® Gooseneck,Tucker,Tucker,T-GN-ADJ-V2,T-GN-ADJ-V2.png,Images\Tucker images\T-GN-ADJ-V2.png,C:\Codex\AZCS Inventory\Images\Tucker images\T-GN-ADJ-V2.png,https://cdn.shopify.com/s/files/1/0558/4191/4998/files/v2-end-of-adjustable-tucker-gooseneck-960696.jpg?v=1746392426,Y,Y,Y
2,39,12007,Single Pole Switch,Single Pole Switch,Tucker,Tucker,12007,12007.png,Images\Tucker images\12007.png,C:\Codex\AZCS Inventory\Images\Tucker images\12007.png,,Y,N,Y
2,40,10700-WALL-110-KIT-40,Skid Mount (110v) Kit w/ Tucker 40 and Hose Reel,Tucker® Water Fed Pole - Skid Mount Kit - w/ 40 Hose Reel,Tucker,Tucker,10700-WALL-110-KIT-40,10700-WALL-110-KIT-40.png,Images\Tucker images\10700-WALL-110-KIT-40.png,C:\Codex\AZCS Inventory\Images\Tucker images\10700-WALL-110-KIT-40.png,https://cdn.shopify.com/s/files/1/0558/4191/4998/files/tucker-water-fed-pole-skid-mount-kit-120899.jpg?v=1746392219,Y,Y,Y
2,41,10700-WALL-12-KIT-40,Skid Mount (12v) Kit w/ Tucker 40 and Hose Reel,Tucker® Water Fed Pole - Skid Mount Kit - 12v w/ 40 Hose Reel,Tucker,Tucker,10700-WALL-12-KIT-40,10700-WALL-12-KIT-40.png,Images\Tucker images\10700-WALL-12-KIT-40.png,C:\Codex\AZCS Inventory\Images\Tucker images\10700-WALL-12-KIT-40.png,https://cdn.shopify.com/s/files/1/0558/4191/4998/files/tucker-water-fed-pole-skid-mount-kit-120899.jpg?v=1746392219,Y,Y,Y
2,42,10700-WALL-12-KIT-50,Skid Mount (12v) Kit w/ Tucker 50HM and Hose Reel,Tucker® Water Fed Pole - Skid Mount Kit - 12v w/ Hose Reel,Tucker,Tucker,10700-WALL-12-KIT-50,10700-WALL-12-KIT-50.png,Images\Tucker images\10700-WALL-12-KIT-50.png,C:\Codex\AZCS Inventory\Images\Tucker images\10700-WALL-12-KIT-50.png,https://cdn.shopify.com/s/files/1/0558/4191/4998/files/tucker-water-fed-pole-skid-mount-kit-120899.jpg?v=1746392219,Y,Y,Y
2,43,20036-SM,Small Filter Wrench - 2.5in Housings,2.5 Inch Filter Wrench,Tucker,Tucker,20036-SM,20036-SM.png,Images\Tucker images\20036-SM.png,C:\Codex\AZCS Inventory\Images\Tucker images\20036-SM.png,https://cdn.shopify.com/s/files/1/0558/4191/4998/products/25-inch-filter-wrench-156928.jpg?v=1746392752,Y,Y,Y
2,44,12033-WE,Smart Wash Delivery Pump w/ 2 90 degree elbows,Smart Wash Delivery Pump w/ 2 90 degree elbows,Tucker,Tucker,12033-WE,12033-WE.png,Images\Tucker images\12033-WE.png,C:\Codex\AZCS Inventory\Images\Tucker images\12033-WE.png,,Y,N,Y
2,45,T-20ALPHA-SOLAR,Solar Alpha 20,Solar Alpha 20,Tucker,Tucker,T-20ALPHA-SOLAR,T-20ALPHA-SOLAR.jpeg,Images\Tucker images\T-20ALPHA-SOLAR.jpeg,C:\Codex\AZCS Inventory\Images\Tucker images\T-20ALPHA-SOLAR.jpeg,,Y,N,Y
2,46,T-20ALPHA-SOLAR-HB,Solar Alpha 20 Honey Badger,Tucker® Alpha Solar Honey Badger - 20,Tucker,Tucker,T-20ALPHA-SOLAR-HB,T-20ALPHA-SOLAR-HB.jpeg,Images\Tucker images\T-20ALPHA-SOLAR-HB.jpeg,C:\Codex\AZCS Inventory\Images\Tucker images\T-20ALPHA-SOLAR-HB.jpeg,https://cdn.shopify.com/s/files/1/0558/4191/4998/files/tucker-alpha-solar-20-honey-badger-642308.jpg?v=1746392007,Y,Y,Y
2,47,T-32ALPHA-SOLAR-HB,Solar Alpha 32 Honey Badger,Tucker® Alpha Solar Honey Badger - 32,Tucker,Tucker,T-32ALPHA-SOLAR-HB,T-32ALPHA-SOLAR-HB.png,Images\Tucker images\T-32ALPHA-SOLAR-HB.png,C:\Codex\AZCS Inventory\Images\Tucker images\T-32ALPHA-SOLAR-HB.png,https://cdn.shopify.com/s/files/1/0558/4191/4998/files/tucker-alpha-solar-20-honey-badger-642308.jpg?v=1746392007,Y,Y,Y
2,48,SOLAR-BOOST-BARE,Solar Boost 27 - BARE POLE (no tips included),Tucker® - Solar Boost 27 - Bare,Tucker,Tucker,SOLAR-BOOST-BARE,SOLAR-BOOST-BARE.png,Images\Tucker images\SOLAR-BOOST-BARE.png,C:\Codex\AZCS Inventory\Images\Tucker images\SOLAR-BOOST-BARE.png,https://cdn.shopify.com/s/files/1/0558/4191/4998/files/tucker-solar-boost-27-bare-121680.jpg?v=1746392157,Y,Y,Y
2,49,SOLAR-BOOST-COMPLETE,Solar Boost 27 w/ Alpha solar brush,Solar Boost 27' Water-Fed Pole Kit w/ XL Alpha Badger Solar Brush,Tucker,Tucker,SOLAR-BOOST-COMPLETE,SOLAR-BOOST-COMPLETE.jpeg,Images\Tucker images\SOLAR-BOOST-COMPLETE.jpeg,C:\Codex\AZCS Inventory\Images\Tucker images\SOLAR-BOOST-COMPLETE.jpeg,https://cdn.shopify.com/s/files/1/0558/4191/4998/files/solar-boost-27-water-fed-pole-kit-w-alpha-solar-brush-263867.jpg?v=1749562917,Y,Y,Y
2,50,SORBO-3009,"Sorbo 14"" Yellow Jacket Washer Sleeve w/ Full length Velcro Closure","Sorbo 14"" Yellow Jacket Washer Sleeve w/Full length Velcro Closure",Tucker,Tucker,SORBO-3009,SORBO-3009.png,Images\Tucker images\SORBO-3009.png,C:\Codex\AZCS Inventory\Images\Tucker images\SORBO-3009.png,https://cdn.shopify.com/s/files/1/0558/4191/4998/files/sorbo-14-yellow-jacket-washer-sleeve-wfull-length-velcro-closure-5543916.png?v=1753306081,Y,Y,Y
2,51,SORBO-3004,"Sorbo 18"" Yellow Jacket Washer Sleeve w/ Brass Snaps","Sorbo 18"" Yellow Jacket Washer Sleeve w/Brass Snaps",Tucker,Tucker,SORBO-3004,SORBO-3004.png,Images\Tucker images\SORBO-3004.png,C:\Codex\AZCS Inventory\Images\Tucker images\SORBO-3004.png,https://cdn.shopify.com/s/files/1/0558/4191/4998/files/sorbo-18-yellow-jacket-washer-sleeve-wbrass-snaps-5451110.png?v=1753306081,Y,Y,Y
2,52,SORBO-3010,"Sorbo 18"" Yellow Jacket Washer Sleeve w/ Full length Velcro Closure","Sorbo 18"" Yellow Jacket Washer Sleeve w/Full length Velcro Closure",Tucker,Tucker,SORBO-3010,SORBO-3010.png,Images\Tucker images\SORBO-3010.png,C:\Codex\AZCS Inventory\Images\Tucker images\SORBO-3010.png,https://cdn.shopify.com/s/files/1/0558/4191/4998/files/sorbo-18-yellow-jacket-washer-sleeve-wfull-length-velcro-closure-5074713.png?v=1753306079,Y,Y,Y
2,53,SORBO-3001,"Sorbo 6"" Yellow Jacket Washer Sleeve w/ Brass Snaps","Sorbo 6"" Yellow Jacket Washer Sleeve w/ Brass Snaps",Tucker,Tucker,SORBO-3001,SORBO-3001.png,Images\Tucker images\SORBO-3001.png,C:\Codex\AZCS Inventory\Images\Tucker images\SORBO-3001.png,,Y,N,Y
2,54,SORBO-1491,"Sorbo 10"" Rubber - Soft","Sorbo Squeegee Rubber 10""",Tucker,Tucker,SORBO-1491,SORBO-1491.png,Images\Tucker images\SORBO-1491.png,C:\Codex\AZCS Inventory\Images\Tucker images\SORBO-1491.png,https://cdn.shopify.com/s/files/1/0558/4191/4998/files/sorbo-squeegee-rubber-10-1214313.png?v=1753305961,Y,Y,Y
2,55,SORBO-1497,"Sorbo 14"" Rubber - Soft","Sorbo 14"" Rubber - Soft",Tucker,Tucker,SORBO-1497,SORBO-1497.png,Images\Tucker images\SORBO-1497.png,C:\Codex\AZCS Inventory\Images\Tucker images\SORBO-1497.png,https://cdn.shopify.com/s/files/1/0558/4191/4998/files/sorbo-14-rubber-soft-6510080.png?v=1753306090,Y,Y,Y
2,56,SORBO-1961F,"Sorbo 14"" Washer T-Bar Only - Aluminum Tubing (Fixed)","Sorbo 14"" Washer T-Bar Only - Aluminum Tubing (Fixed)",Tucker,Tucker,SORBO-1961F,SORBO-1961F.png,Images\Tucker images\SORBO-1961F.png,C:\Codex\AZCS Inventory\Images\Tucker images\SORBO-1961F.png,https://cdn.shopify.com/s/files/1/0558/4191/4998/files/sorbo-14-washer-t-bar-only-aluminum-tubing-fixed-8853295.png?v=1753306089,Y,Y,Y
2,57,SORBO-1961,"Sorbo 14"" Washer T-Bar Only - Aluminum Tubing (Swivel)","Sorbo 14"" Washer T-Bar Only - Aluminum Tubing (Swivel)",Tucker,Tucker,SORBO-1961,SORBO-1961.png,Images\Tucker images\SORBO-1961.png,C:\Codex\AZCS Inventory\Images\Tucker images\SORBO-1961.png,,Y,N,Y
2,58,SORBO-1503,"Sorbo 18"" Rubber - Soft","Sorbo 18"" Rubber - Soft",Tucker,Tucker,SORBO-1503,SORBO-1503.png,Images\Tucker images\SORBO-1503.png,C:\Codex\AZCS Inventory\Images\Tucker images\SORBO-1503.png,,Y,N,Y
2,59,SORBO-1962F,"Sorbo 18"" Washer T-Bar Only - Aluminum Tubing (Fixed)","Sorbo 18"" Washer T-Bar Only - Aluminum Tubing (Fixed)",Tucker,Tucker,SORBO-1962F,SORBO-1962F.png,Images\Tucker images\SORBO-1962F.png,C:\Codex\AZCS Inventory\Images\Tucker images\SORBO-1962F.png,,Y,N,Y
2,60,SORBO-1962,"Sorbo 18"" Washer T-Bar Only - Aluminum Tubing (Swivel)","Sorbo 18"" Washer T-Bar Only - Aluminum Tubing (Swivel)",Tucker,Tucker,SORBO-1962,SORBO-1962.png,Images\Tucker images\SORBO-1962.png,C:\Codex\AZCS Inventory\Images\Tucker images\SORBO-1962.png,https://cdn.shopify.com/s/files/1/0558/4191/4998/files/sorbo-18-washer-t-bar-only-aluminum-tubing-swivel-4543733.png?v=1753306087,Y,Y,Y
2,61,SORBO-1485,"Sorbo 6"" Rubber - Soft","Sorbo 6"" Rubber - Soft",Tucker,Tucker,SORBO-1485,SORBO-1485.png,Images\Tucker images\SORBO-1485.png,C:\Codex\AZCS Inventory\Images\Tucker images\SORBO-1485.png,https://cdn.shopify.com/s/files/1/0558/4191/4998/files/sorbo-6-rubber-soft-4177944.png?v=1753306091,Y,Y,Y
2,62,SORBO-1956F,"Sorbo 6"" Washer T-Bar Only - Aluminum Tubing (Fixed)","Sorbo 6"" Washer T-Bar Only - Aluminum Tubing (Fixed)",Tucker,Tucker,SORBO-1956F,SORBO-1956F.png,Images\Tucker images\SORBO-1956F.png,C:\Codex\AZCS Inventory\Images\Tucker images\SORBO-1956F.png,https://cdn.shopify.com/s/files/1/0558/4191/4998/files/sorbo-6-washer-t-bar-only-aluminum-tubing-fixed-2708734.png?v=1753306089,Y,Y,Y
2,63,SORBO-1956,"Sorbo 6"" Washer T-Bar Only - Aluminum Tubing (Swivel)","Sorbo 6"" Washer T-Bar Only - Aluminum Tubing (Swivel)",Tucker,Tucker,SORBO-1956,SORBO-1956.png,Images\Tucker images\SORBO-1956.png,C:\Codex\AZCS Inventory\Images\Tucker images\SORBO-1956.png,https://cdn.shopify.com/s/files/1/0558/4191/4998/files/sorbo-6-washer-t-bar-only-aluminum-tubing-swivel-1658577.png?v=1753306090,Y,Y,Y
2,64,SORBO-1375,Sorbo Aluminum Handle Fixed,Sorbo Aluminum Handle (Fixed),Tucker,Tucker,SORBO-1375,SORBO-1375.png,Images\Tucker images\SORBO-1375.png,C:\Codex\AZCS Inventory\Images\Tucker images\SORBO-1375.png,https://cdn.shopify.com/s/files/1/0558/4191/4998/products/sorbo-aluminum-handle-fixed-871573.jpg?v=1746392271,Y,Y,Y
2,65,SORBO-1990,Sorbo Belt with Three Loops,Sorbo Belt with Three Loops,Tucker,Tucker,SORBO-1990,SORBO-1990.png,Images\Tucker images\SORBO-1990.png,C:\Codex\AZCS Inventory\Images\Tucker images\SORBO-1990.png,https://cdn.shopify.com/s/files/1/0558/4191/4998/files/sorbo-belt-with-three-loops-1387114.png?v=1753306085,Y,Y,Y
2,66,SORBO-1979,Sorbo End Clips 90 degree & 40 degree Squeegee Ends (12 Pack),Sorbo End Clips 90 degree & 40 degree Squeegee Ends (12 Pack),Tucker,Tucker,SORBO-1979,SORBO-1979.jpeg,Images\Tucker images\SORBO-1979.jpeg,C:\Codex\AZCS Inventory\Images\Tucker images\SORBO-1979.jpeg,,Y,N,Y
2,67,SORBO-2105,Sorbo Glide Lubricant Liquid 1 pint,Sorbo Glide Lubricant Liquid 1 pint,Tucker,Tucker,SORBO-2105,SORBO-2105.png,Images\Tucker images\SORBO-2105.png,C:\Codex\AZCS Inventory\Images\Tucker images\SORBO-2105.png,,Y,N,Y
2,68,SORBO-5000,Sorbo Hard Water Stain Remover 5oz,Sorbo Hard Water Stain Remover 5oz,Tucker,Tucker,SORBO-5000,SORBO-5000.png,Images\Tucker images\SORBO-5000.png,C:\Codex\AZCS Inventory\Images\Tucker images\SORBO-5000.png,,Y,N,Y
2,69,SORBO-1991,"Sorbo Holster For Two Squeegee, Nylon - Black","Sorbo Holster For Two Squeegee, Nylon - Black",Tucker,Tucker,SORBO-1991,SORBO-1991.png,Images\Tucker images\SORBO-1991.png,C:\Codex\AZCS Inventory\Images\Tucker images\SORBO-1991.png,https://cdn.shopify.com/s/files/1/0558/4191/4998/files/sorbo-holster-for-two-squeegee-nylon-black-8725647.png?v=1753306084,Y,Y,Y
2,70,SORBO-1385,Sorbo Swivel Fast Release - BLACK (Universal),Sorbo Swivel Fast Release - BLACK (Universal),Tucker,Tucker,SORBO-1385,SORBO-1385.png,Images\Tucker images\SORBO-1385.png,C:\Codex\AZCS Inventory\Images\Tucker images\SORBO-1385.png,,Y,N,Y
2,71,SORBO-TRAD-KIT,Sorbo Trad KIT,Sorbo Trad KIT,Tucker,Tucker,SORBO-TRAD-KIT,SORBO-TRAD-KIT.png,Images\Tucker images\SORBO-TRAD-KIT.png,C:\Codex\AZCS Inventory\Images\Tucker images\SORBO-TRAD-KIT.png,,Y,N,Y
2,72,HW015,Split Washer for Wheel Bolts,Split Washer for Wheel Bolts,Tucker,Tucker,HW015,HW015.png,Images\Tucker images\HW015.png,C:\Codex\AZCS Inventory\Images\Tucker images\HW015.png,,Y,N,Y
2,73,T-100-PRO-DU,Spot Free 100 Gallon RO/DI Dual User,Spot Free 100 Gallon RO/DI Dual User,Tucker,Tucker,T-100-PRO-DU,T-100-PRO-DU.png,Images\Tucker images\T-100-PRO-DU.png,C:\Codex\AZCS Inventory\Images\Tucker images\T-100-PRO-DU.png,,Y,N,Y
2,74,T-12BB,Standard Size Boar Bristle Brush,Standard Size Boar Bristle Brush,Tucker,Tucker,T-12BB,T-12BB.png,Images\Tucker images\T-12BB.png,C:\Codex\AZCS Inventory\Images\Tucker images\T-12BB.png,,Y,N,Y
2,75,T-12BBH,Standard Size Boar Bristle Brush w/ Head,Standard Size Boar Bristle Brush w/ Head,Tucker,Tucker,T-12BBH,T-12BBH.png,Images\Tucker images\T-12BBH.png,C:\Codex\AZCS Inventory\Images\Tucker images\T-12BBH.png,,Y,N,Y
2,76,T-12HY,Standard Size Hybrid Brush,Standard Size Hybrid Brush,Tucker,Tucker,T-12HY,T-12HY.png,Images\Tucker images\T-12HY.png,C:\Codex\AZCS Inventory\Images\Tucker images\T-12HY.png,,Y,N,Y
2,77,T-12HYH,Standard Size Hybrid Brush w/ Head,Standard Size Hybrid Brush w/ Head,Tucker,Tucker,T-12HYH,T-12HYH.png,Images\Tucker images\T-12HYH.png,C:\Codex\AZCS Inventory\Images\Tucker images\T-12HYH.png,,Y,N,Y
2,78,T-OTT-STD-V2,Standard Size Rinse Bar V2,Tucker® Over the Top Rinse Bar Small - Plastic,Tucker,Tucker,T-OTT-STD-V2,T-OTT-STD-V2.png,Images\Tucker images\T-OTT-STD-V2.png,C:\Codex\AZCS Inventory\Images\Tucker images\T-OTT-STD-V2.png,https://cdn.shopify.com/s/files/1/0558/4191/4998/products/tucker-over-the-top-rinse-bar-small-plastic-897900.jpg?v=1746392934,Y,Y,Y
2,79,T-SW-ASY,Swivel Assembly,Swivel Assembly For Swiveling Gooseneck,Tucker,Tucker,T-SW-ASY,T-SW-ASY.png,Images\Tucker images\T-SW-ASY.png,C:\Codex\AZCS Inventory\Images\Tucker images\T-SW-ASY.png,https://cdn.shopify.com/s/files/1/0558/4191/4998/products/swivel-assembly-for-swiveling-gooseneck-101669.jpg?v=1746392390,Y,Y,Y
2,80,T-SW-PL,Swivel Gooseneck Brush Plate,Swivel Gooseneck Brush Plate,Tucker,Tucker,T-SW-PL,T-SW-PL.png,Images\Tucker images\T-SW-PL.png,C:\Codex\AZCS Inventory\Images\Tucker images\T-SW-PL.png,,Y,N,Y
2,81,92970,"Swivel, Release","Swivel, Release",Tucker,Tucker,92970,92970.png,Images\Tucker images\92970.png,C:\Codex\AZCS Inventory\Images\Tucker images\92970.png,,Y,N,Y
2,82,T1-EURO-UGK,T1-V2 complete clamp w/ plastic euro tip,T1-V2 complete clamp w/ plastic euro tip,Tucker,Tucker,T1-EURO-UGK,T1-EURO-UGK.png,Images\Tucker images\T1-EURO-UGK.png,C:\Codex\AZCS Inventory\Images\Tucker images\T1-EURO-UGK.png,https://cdn.shopify.com/s/files/1/0558/4191/4998/products/t1-v2-euro-tip-kit-380776.jpg?v=1746392657,Y,Y,Y
2,83,TANK-LID,Tank lid,Tank lid,Tucker,Tucker,TANK-LID,TANK-LID.png,Images\Tucker images\TANK-LID.png,C:\Codex\AZCS Inventory\Images\Tucker images\TANK-LID.png,https://cdn.shopify.com/s/files/1/0558/4191/4998/files/tank-lid-471688.jpg?v=1746392117,Y,Y,Y
2,84,T-ULTIMATE-DIY-DU,The Ultimate DIY Kit (Dual User),The ULTIMATE DIY Kit - Dual User,Tucker,Tucker,T-ULTIMATE-DIY-DU,T-ULTIMATE-DIY-DU.png,Images\Tucker images\T-ULTIMATE-DIY-DU.png,C:\Codex\AZCS Inventory\Images\Tucker images\T-ULTIMATE-DIY-DU.png,https://cdn.shopify.com/s/files/1/0558/4191/4998/files/the-ultimate-diy-kit-915739.jpg?v=1746392145,Y,Y,Y
2,85,T-ULTIMATE-DIY-SU,The Ultimate DIY Kit (Single User),The ULTIMATE DIY Kit - Single User,Tucker,Tucker,T-ULTIMATE-DIY-SU,T-ULTIMATE-DIY-SU.png,Images\Tucker images\T-ULTIMATE-DIY-SU.png,C:\Codex\AZCS Inventory\Images\Tucker images\T-ULTIMATE-DIY-SU.png,https://cdn.shopify.com/s/files/1/0558/4191/4998/files/the-ultimate-diy-kit-915739.jpg?v=1746392145,Y,Y,Y
2,86,T-CLAMPBARREL-THREADED,Threaded Barrel only for clamp body,Threaded Barrel only for clamp body,Tucker,Tucker,T-CLAMPBARREL-THREADED,T-CLAMPBARREL-THREADED.png,Images\Tucker images\T-CLAMPBARREL-THREADED.png,C:\Codex\AZCS Inventory\Images\Tucker images\T-CLAMPBARREL-THREADED.png,,Y,N,Y
2,87,T-10PC-SET,Tucker 10 clamp set w/ euro tip,10 Clamp Replacement Set,Tucker,Tucker,T-10PC-SET,T-10PC-SET.jpeg,Images\Tucker images\T-10PC-SET.jpeg,C:\Codex\AZCS Inventory\Images\Tucker images\T-10PC-SET.jpeg,https://cdn.shopify.com/s/files/1/0558/4191/4998/products/10-clamp-replacement-set-524902.jpg?v=1746392615,Y,Y,Y
2,88,T-3PC-SET,Tucker 3 clamp set w/ euro tip,3 Clamp Replacement Set,Tucker,Tucker,T-3PC-SET,T-3PC-SET.jpeg,Images\Tucker images\T-3PC-SET.jpeg,C:\Codex\AZCS Inventory\Images\Tucker images\T-3PC-SET.jpeg,https://cdn.shopify.com/s/files/1/0558/4191/4998/products/3-clamp-replacement-set-656416.jpg?v=1746392626,Y,Y,Y
2,89,T-4060,Tucker 4 Stage RO/DI Cart,Tucker 4 Stage RO/DI Cart,Tucker,Tucker,T-4060,T-4060.jpeg,Images\Tucker images\T-4060.jpeg,C:\Codex\AZCS Inventory\Images\Tucker images\T-4060.jpeg,https://cdn.shopify.com/s/files/1/0558/4191/4998/files/tucker-4-stage-rodi-cart-7664208.jpg?v=1753306034,Y,Y,Y
2,90,T-5PC-SET,Tucker 5 clamp set w/ euro tip,5 Clamp Replacement Set,Tucker,Tucker,T-5PC-SET,T-5PC-SET.jpeg,Images\Tucker images\T-5PC-SET.jpeg,C:\Codex\AZCS Inventory\Images\Tucker images\T-5PC-SET.jpeg,https://cdn.shopify.com/s/files/1/0558/4191/4998/products/5-clamp-replacement-set-657861.jpg?v=1746392624,Y,Y,Y
2,91,T-7PC-SET,Tucker 7 clamp set w/ euro tip,7 Clamp Replacement Set,Tucker,Tucker,T-7PC-SET,T-7PC-SET.jpeg,Images\Tucker images\T-7PC-SET.jpeg,C:\Codex\AZCS Inventory\Images\Tucker images\T-7PC-SET.jpeg,https://cdn.shopify.com/s/files/1/0558/4191/4998/products/7-clamp-replacement-set-525641.jpg?v=1746392621,Y,Y,Y
2,92,T-9PC-SET,Tucker 9 clamp set w/ euro tip,9 Clamp Replacement Set,Tucker,Tucker,T-9PC-SET,T-9PC-SET.jpeg,Images\Tucker images\T-9PC-SET.jpeg,C:\Codex\AZCS Inventory\Images\Tucker images\T-9PC-SET.jpeg,https://cdn.shopify.com/s/files/1/0558/4191/4998/products/9-clamp-replacement-set-689531.jpg?v=1746392618,Y,Y,Y
2,93,T-BOAB-QR-TW-LH,Tucker Bucket on a Belt w/ QR - Left hand,Tucker® BOAB by Takaki Works - Bucket on Belt w/ QR Left hand,Tucker,Tucker,T-BOAB-QR-TW-LH,T-BOAB-QR-TW-LH.png,Images\Tucker images\T-BOAB-QR-TW-LH.png,C:\Codex\AZCS Inventory\Images\Tucker images\T-BOAB-QR-TW-LH.png,https://cdn.shopify.com/s/files/1/0558/4191/4998/files/tucker-boab-by-takaki-works-4857439.png?v=1771366395,Y,Y,Y
2,94,T-BOAB-QR-TW,Tucker Bucket on a Belt w/ QR - Right hand,Tucker® BOAB by Takaki Works - Bucket on Belt w/ QR Right hand,Tucker,Tucker,T-BOAB-QR-TW,T-BOAB-QR-TW.jpeg,Images\Tucker images\T-BOAB-QR-TW.jpeg,C:\Codex\AZCS Inventory\Images\Tucker images\T-BOAB-QR-TW.jpeg,https://cdn.shopify.com/s/files/1/0558/4191/4998/files/tucker-boab-by-takaki-works-4857439.png?v=1771366395,Y,Y,Y
2,95,T-411,Tucker Dual Hose Adapter (for ADH Method),Tucker Dual Hose Adapter (for ADH Method),Tucker,Tucker,T-411,T-411.png,Images\Tucker images\T-411.png,C:\Codex\AZCS Inventory\Images\Tucker images\T-411.png,,Y,N,Y
2,96,70009-150,Tucker Hand Carry Hose Reel,Tucker® Hand Carry Hose Reel,Tucker,Tucker,70009-150,70009-150.png,Images\Tucker images\70009-150.png,C:\Codex\AZCS Inventory\Images\Tucker images\70009-150.png,https://cdn.shopify.com/s/files/1/0558/4191/4998/products/tucker-hand-carry-hose-reel-182307.jpg?v=1746393079,Y,Y,Y
2,97,70009-BARE,Tucker Hand Carry Hose Reel w/ O Hose,Tucker Hand Carry Hose Reel w/ O Hose,Tucker,Tucker,70009-BARE,70009-BARE.jpeg,Images\Tucker images\70009-BARE.jpeg,C:\Codex\AZCS Inventory\Images\Tucker images\70009-BARE.jpeg,,Y,N,Y
2,98,T-POUCH-TW,Tucker Pouch w/ Quick Release on a Belt,Tucker® Pouch by Takaki Works,Tucker,Tucker,T-POUCH-TW,T-POUCH-TW.jpeg,Images\Tucker images\T-POUCH-TW.jpeg,C:\Codex\AZCS Inventory\Images\Tucker images\T-POUCH-TW.jpeg,https://cdn.shopify.com/s/files/1/0558/4191/4998/files/tucker-pouch-by-takaki-works-107100.jpg?v=1746392069,Y,Y,Y
2,99,65000-ARM,Tucker Reel Handle Arm,Tucker Reel Handle Arm,Tucker,Tucker,65000-ARM,65000-ARM.jpeg,Images\Tucker images\65000-ARM.jpeg,C:\Codex\AZCS Inventory\Images\Tucker images\65000-ARM.jpeg,https://cdn.shopify.com/s/files/1/0558/4191/4998/files/tucker-reel-handle-arm-5889184.jpg?v=1753306108,Y,Y,Y
2,100,T-DI-TANK-HEAD,Tucker® 1 CF DI Tank - HEAD,Tucker® 1 CF DI Tank - HEAD,Tucker,Tucker,T-DI-TANK-HEAD,T-DI-TANK-HEAD.png,Images\Tucker images\T-DI-TANK-HEAD.png,C:\Codex\AZCS Inventory\Images\Tucker images\T-DI-TANK-HEAD.png,,Y,N,Y
2,101,T-ULTIMATE-KIT-RES,Ultimate Residential Kit,ULTIMATE Rival Residential Kit - SKU T-ULTIMATE-KIT-RES,Tucker,Tucker,T-ULTIMATE-KIT-RES,T-ULTIMATE-KIT-RES.png,Images\Tucker images\T-ULTIMATE-KIT-RES.png,C:\Codex\AZCS Inventory\Images\Tucker images\T-ULTIMATE-KIT-RES.png,https://cdn.shopify.com/s/files/1/0558/4191/4998/files/the-ultimate-residential-kit-549344.jpg?v=1746392529,Y,Y,Y
2,102,T-DI-TANK-1035-STD,Tucker® 1 CF DI Tank w/ standard head,Tucker® 1 CF DI Tank w/ standard head,Tucker,Tucker,T-DI-TANK-1035-STD,T-DI-TANK-1035-STD.png,Images\Tucker images\T-DI-TANK-1035-STD.png,C:\Codex\AZCS Inventory\Images\Tucker images\T-DI-TANK-1035-STD.png,,Y,N,Y
2,103,12025-V2,Tucker® 110v Booster Pump System,Booster Pump System - 110v,Tucker,Tucker,12025-V2,12025-V2.jpeg,Images\Tucker images\12025-V2.jpeg,C:\Codex\AZCS Inventory\Images\Tucker images\12025-V2.jpeg,https://cdn.shopify.com/s/files/1/0558/4191/4998/products/booster-pump-system-110v-273053.jpg?v=1746393096,Y,Y,Y
2,104,T-BRAVO-BARE,Tucker® 22' Hybrid BARE POLE (no tips included),Tucker® - Bravo Water Fed Pole - Bare,Tucker,Tucker,T-BRAVO-BARE,T-BRAVO-BARE.png,Images\Tucker images\T-BRAVO-BARE.png,C:\Codex\AZCS Inventory\Images\Tucker images\T-BRAVO-BARE.png,https://cdn.shopify.com/s/files/1/0558/4191/4998/products/tucker-bravo-water-fed-pole-bare-662334.jpg?v=1746392474,Y,Y,Y
2,105,TUCKER-30,Tucker® 30 Carbon Fiber Pole,Tucker® - 30 Water Fed Pole,Tucker,Tucker,TUCKER-30,TUCKER-30.jpeg,Images\Tucker images\TUCKER-30.jpeg,C:\Codex\AZCS Inventory\Images\Tucker images\TUCKER-30.jpeg,https://cdn.shopify.com/s/files/1/0558/4191/4998/files/tucker-30-water-fed-pole-791168.jpg?v=1746392760,Y,Y,Y
2,106,ECO-30-BARE-ACME,Tucker® 30 Trad,Tucker® 30 Trad,Tucker,Tucker,ECO-30-BARE-ACME,ECO-30-BARE-ACME.png,Images\Tucker images\ECO-30-BARE-ACME.png,C:\Codex\AZCS Inventory\Images\Tucker images\ECO-30-BARE-ACME.png,https://cdn.shopify.com/s/files/1/0558/4191/4998/files/tucker-30-trad-4099414.png?v=1766560506,Y,Y,Y
2,107,T-CPT-4,Tucker® 4 Stage Compact RO/DI,Tucker® Compact 4 Stage RO/DI,Tucker,Tucker,T-CPT-4,T-CPT-4.jpeg,Images\Tucker images\T-CPT-4.jpeg,C:\Codex\AZCS Inventory\Images\Tucker images\T-CPT-4.jpeg,https://cdn.shopify.com/s/files/1/0558/4191/4998/products/tucker-compact-4-stage-rodi-726657.jpg?v=1746392660,Y,Y,Y
2,108,TUCKER-40,Tucker® 40 Carbon Fiber Pole,Tucker® - 40 Water Fed Pole,Tucker,Tucker,TUCKER-40,TUCKER-40.jpeg,Images\Tucker images\TUCKER-40.jpeg,C:\Codex\AZCS Inventory\Images\Tucker images\TUCKER-40.jpeg,https://cdn.shopify.com/s/files/1/0558/4191/4998/files/tucker-40-water-fed-pole-530985.jpg?v=1746392702,Y,Y,Y
2,109,T-12ALPHA-GL-STD,Tucker® Alpha Glide,Tucker® Alpha Glide - SKU T-12ALPHA-GL-STD,Tucker,Tucker,T-12ALPHA-GL-STD,T-12ALPHA-GL-STD.png,Images\Tucker images\T-12ALPHA-GL-STD.png,C:\Codex\AZCS Inventory\Images\Tucker images\T-12ALPHA-GL-STD.png,https://cdn.shopify.com/s/files/1/0558/4191/4998/products/tucker-alpha-glide-533445.jpg?v=1746392224,Y,Y,Y
2,110,T-18ALPHA-GL,Tucker® Alpha Glide XL,Tucker® Alpha Glide - XL,Tucker,Tucker,T-18ALPHA-GL,T-18ALPHA-GL.png,Images\Tucker images\T-18ALPHA-GL.png,C:\Codex\AZCS Inventory\Images\Tucker images\T-18ALPHA-GL.png,https://cdn.shopify.com/s/files/1/0558/4191/4998/products/tucker-alpha-glide-533445.jpg?v=1746392224,Y,Y,Y
2,111,T-12ALPHA-HB-STD,Tucker® Alpha Honey Badger,Tucker® Alpha Honey Badger,Tucker,Tucker,T-12ALPHA-HB-STD,T-12ALPHA-HB-STD.jpeg,Images\Tucker images\T-12ALPHA-HB-STD.jpeg,C:\Codex\AZCS Inventory\Images\Tucker images\T-12ALPHA-HB-STD.jpeg,https://cdn.shopify.com/s/files/1/0558/4191/4998/files/tucker-alpha-honey-badger-909624.jpg?v=1746392018,Y,Y,Y
2,112,T-18ALPHA-HB,Tucker® Alpha Honey Badger XL,Tucker® Alpha Honey Badger XL,Tucker,Tucker,T-18ALPHA-HB,T-18ALPHA-HB.jpeg,Images\Tucker images\T-18ALPHA-HB.jpeg,C:\Codex\AZCS Inventory\Images\Tucker images\T-18ALPHA-HB.jpeg,https://cdn.shopify.com/s/files/1/0558/4191/4998/files/RHG-013.jpg?v=1746392011,Y,Y,Y
2,113,T-BRAVO-BARE-ACME,Tucker® Bravo Trad,Tucker® Bravo Trad,Tucker,Tucker,T-BRAVO-BARE-ACME,T-BRAVO-BARE-ACME.png,Images\Tucker images\T-BRAVO-BARE-ACME.png,C:\Codex\AZCS Inventory\Images\Tucker images\T-BRAVO-BARE-ACME.png,https://cdn.shopify.com/s/files/1/0558/4191/4998/files/tucker-bravo-trad-1690878.png?v=1766560507,Y,Y,Y
2,114,TUCKER®-CARBON-FIBER-GOOSENECKS,Tucker® Carbon Fiber Goosenecks,Tucker® Carbon Fiber Goosenecks,Tucker,Tucker,TUCKER®-CARBON-FIBER-GOOSENECKS,TUCKER®-CARBON-FIBER-GOOSENECKS.png,Images\Tucker images\TUCKER®-CARBON-FIBER-GOOSENECKS.png,C:\Codex\AZCS Inventory\Images\Tucker images\TUCKER®-CARBON-FIBER-GOOSENECKS.png,,Y,N,Y
2,115,T-DI-TANK-935-KIT,Tucker® DI Tank 1 Cube KIT,Tucker® DI Tank 1 Cubic Foot Kit,Tucker,Tucker,T-DI-TANK-935-KIT,T-DI-TANK-935-KIT.png,Images\Tucker images\T-DI-TANK-935-KIT.png,C:\Codex\AZCS Inventory\Images\Tucker images\T-DI-TANK-935-KIT.png,https://cdn.shopify.com/s/files/1/0558/4191/4998/files/tucker-di-tank-1-cubic-foot-kit-593515.jpg?v=1746392227,Y,Y,Y
2,116,20007-10,Tucker® DI Virgin Resin - 10 Bags,Tucker® DI Virgin Resin - 10 Bags,Tucker,Tucker,20007-10,20007-10.png,Images\Tucker images\20007-10.png,C:\Codex\AZCS Inventory\Images\Tucker images\20007-10.png,,Y,N,Y
2,117,12FT-BLUE,Tucker® Full Trim Blue Standard Size,Tucker® Full Trim Blue Standard Size,Tucker,Tucker,12FT-BLUE,12FT-BLUE.png,Images\Tucker images\12FT-BLUE.png,C:\Codex\AZCS Inventory\Images\Tucker images\12FT-BLUE.png,,Y,N,Y
2,118,T-HP-KIT-BRAVO,Tucker® Handy Pure Kit w/ Bravo,Tucker® HandyPure Tank System KIT w/ Bravo,Tucker,Tucker,T-HP-KIT-BRAVO,T-HP-KIT-BRAVO.png,Images\Tucker images\T-HP-KIT-BRAVO.png,C:\Codex\AZCS Inventory\Images\Tucker images\T-HP-KIT-BRAVO.png,https://cdn.shopify.com/s/files/1/0558/4191/4998/files/tucker-handypure-tank-system-kit-w-bravo-399809.jpg?v=1746392126,Y,Y,Y
2,119,T-HP-KIT-BRAVO-SC,Tucker® Handy Pure w/ Bravo Kit & Screen Cleaner,Tucker® Handy Pure w/ Bravo Kit & Screen Cleaner,Tucker,Tucker,T-HP-KIT-BRAVO-SC,T-HP-KIT-BRAVO-SC.png,Images\Tucker images\T-HP-KIT-BRAVO-SC.png,C:\Codex\AZCS Inventory\Images\Tucker images\T-HP-KIT-BRAVO-SC.png,,Y,N,Y
2,120,T-HANDYPURE,Tucker® HandyPure KIT,Tucker® HandyPure Tank System,Tucker,Tucker,T-HANDYPURE,T-HANDYPURE.jpeg,Images\Tucker images\T-HANDYPURE.jpeg,C:\Codex\AZCS Inventory\Images\Tucker images\T-HANDYPURE.jpeg,https://cdn.shopify.com/s/files/1/0558/4191/4998/files/tucker-handypure-tank-system-611813.jpg?v=1746392134,Y,Y,Y
2,121,T-HANDYPURE-EMPTY,Tucker® HandyPure Tank (Empty),Tucker® HandyPure Tank (Empty),Tucker,Tucker,T-HANDYPURE-EMPTY,T-HANDYPURE-EMPTY.jpeg,Images\Tucker images\T-HANDYPURE-EMPTY.jpeg,C:\Codex\AZCS Inventory\Images\Tucker images\T-HANDYPURE-EMPTY.jpeg,,Y,N,Y
2,122,TUCKER-50HM,Tucker® High Modulus 50,Tucker® High Modulus - 50 Water Fed Pole,Tucker,Tucker,TUCKER-50HM,TUCKER-50HM.jpeg,Images\Tucker images\TUCKER-50HM.jpeg,C:\Codex\AZCS Inventory\Images\Tucker images\TUCKER-50HM.jpeg,https://cdn.shopify.com/s/files/1/0558/4191/4998/files/tucker-high-modulus-50-water-fed-pole-215355.jpg?v=1746392696,Y,Y,Y
2,123,TUCKER-15,Tucker® JUNIOR Hybrid Pole,Tucker® JUNIOR Hybrid Pole,Tucker,Tucker,TUCKER-15,TUCKER-15.jpeg,Images\Tucker images\TUCKER-15.jpeg,C:\Codex\AZCS Inventory\Images\Tucker images\TUCKER-15.jpeg,https://cdn.shopify.com/s/files/1/0558/4191/4998/files/tucker-junior-hybrid-pole-742231.jpg?v=1746392699,Y,Y,Y
2,124,ECO-15-BARE-ACME,Tucker® Junior Trad,Tucker® Junior Trad,Tucker,Tucker,ECO-15-BARE-ACME,ECO-15-BARE-ACME.png,Images\Tucker images\ECO-15-BARE-ACME.png,C:\Codex\AZCS Inventory\Images\Tucker images\ECO-15-BARE-ACME.png,https://cdn.shopify.com/s/files/1/0558/4191/4998/files/tucker-bravo-trad-1690878.png?v=1766560507,Y,Y,Y
2,125,20051-RO-V3,"Tucker® Max Flow 21"" RO","Tucker® Max Flow 21"" RO",Tucker,Tucker,20051-RO-V3,20051-RO-V3.png,Images\Tucker images\20051-RO-V3.png,C:\Codex\AZCS Inventory\Images\Tucker images\20051-RO-V3.png,https://cdn.shopify.com/s/files/1/0558/4191/4998/files/tucker-max-flow-21-ro-6738733.png?v=1770952029,Y,Y,Y
2,126,20013-RO-VF,"Tucker® Max Flow 40"" RO w/ VFT","Tucker® Max-Flow Series w/ VFT 4 x 40"" Reverse Osmosis Membrane",Tucker,Tucker,20013-RO-VF,20013-RO-VF.jpeg,Images\Tucker images\20013-RO-VF.jpeg,C:\Codex\AZCS Inventory\Images\Tucker images\20013-RO-VF.jpeg,https://cdn.shopify.com/s/files/1/0558/4191/4998/files/tucker-max-flow-series-w-vft-4-x-40-reverse-osmosis-membrane-398486.jpg?v=1746392974,Y,Y,Y
2,127,40019-WNP,Tucker® mini scrubber replacement pad - Walnut,Tucker® Mini Scrubber Replacement Pad - Walnut,Tucker,Tucker,40019-WNP,40019-WNP.png,Images\Tucker images\40019-WNP.png,C:\Codex\AZCS Inventory\Images\Tucker images\40019-WNP.png,https://cdn.shopify.com/s/files/1/0558/4191/4998/products/tucker-mini-scrubber-replacement-pad-walnut-798327.jpg?v=1746392422,Y,Y,Y
2,128,40019,Tucker® Mini scrubber w/ extra pad,Tucker® Mini Scrubber,Tucker,Tucker,40019,40019.png,Images\Tucker images\40019.png,C:\Codex\AZCS Inventory\Images\Tucker images\40019.png,https://cdn.shopify.com/s/files/1/0558/4191/4998/products/tucker-mini-scrubber-467418.jpg?v=1746392424,Y,Y,Y
2,129,60005-V2,Tucker® MQC - V2,Tucker® MQC - V2,Tucker,Tucker,60005-V2,60005-V2.png,Images\Tucker images\60005-V2.png,C:\Codex\AZCS Inventory\Images\Tucker images\60005-V2.png,https://cdn.shopify.com/s/files/1/0558/4191/4998/files/tucker-mqc-v2-7338279.png?v=1753306141,Y,Y,Y
2,130,T-SWIVEL-V1,Tucker® Swivel Assembly,Tucker® Swivel Assembly,Tucker,Tucker,T-SWIVEL-V1,T-SWIVEL-V1.png,Images\Tucker images\T-SWIVEL-V1.png,C:\Codex\AZCS Inventory\Images\Tucker images\T-SWIVEL-V1.png,https://cdn.shopify.com/s/files/1/0558/4191/4998/files/tucker-swivel-assembly-8090850.png?v=1753305974,Y,Y,Y
2,131,T-SWIVEL-V2,Tucker® Swivel Assembly w/ Quick Release for #1 Clamp,Tucker® Swiveling Gooseneck V2,Tucker,Tucker,T-SWIVEL-V2,T-SWIVEL-V2.png,Images\Tucker images\T-SWIVEL-V2.png,C:\Codex\AZCS Inventory\Images\Tucker images\T-SWIVEL-V2.png,https://cdn.shopify.com/s/files/1/0558/4191/4998/products/tucker-swiveling-gooseneck-v2-673680.jpg?v=1746392564,Y,Y,Y
2,132,TUCKER®-WATER-FED-POLE---4060-4-STAGE-KIT,Tucker® Water Fed Pole - 4060 4-Stage Kit,Tucker® Water Fed Pole - 4060 4-Stage Kit,Tucker,Tucker,TUCKER®-WATER-FED-POLE---4060-4-STAGE-KIT,TUCKER®-WATER-FED-POLE---4060-4-STAGE-KIT.png,Images\Tucker images\TUCKER®-WATER-FED-POLE---4060-4-STAGE-KIT.png,C:\Codex\AZCS Inventory\Images\Tucker images\TUCKER®-WATER-FED-POLE---4060-4-STAGE-KIT.png,,Y,N,Y
2,133,TUCKER®-WATER-FED-POLE-DUAL-USER-FILL-N-GO-KI,Tucker® Water Fed Pole Dual User Fill N Go Kit,Tucker® Water Fed Pole Dual User Fill N Go Kit,Tucker,Tucker,TUCKER®-WATER-FED-POLE-DUAL-USER-FILL-N-GO-KI,TUCKER®-WATER-FED-POLE-DUAL-USER-FILL-N-GO-KI.png,Images\Tucker images\TUCKER®-WATER-FED-POLE-DUAL-USER-FILL-N-GO-KI.png,C:\Codex\AZCS Inventory\Images\Tucker images\TUCKER®-WATER-FED-POLE-DUAL-USER-FILL-N-GO-KI.png,,Y,N,Y
2,134,T-FNG-KIT,Tucker® Water Fed Pole Single User Fill N Go Kit,Tucker® Water Fed Pole Single User Fill N Go Kit,Tucker,Tucker,T-FNG-KIT,T-FNG-KIT.png,Images\Tucker images\T-FNG-KIT.png,C:\Codex\AZCS Inventory\Images\Tucker images\T-FNG-KIT.png,,Y,N,Y
2,135,T-ULTIMATE-C-40,Ultimate Kit for Commercial 40',The ULTIMATE Commercial Kit 40',Tucker,Tucker,T-ULTIMATE-C-40,T-ULTIMATE-C-40.png,Images\Tucker images\T-ULTIMATE-C-40.png,C:\Codex\AZCS Inventory\Images\Tucker images\T-ULTIMATE-C-40.png,https://cdn.shopify.com/s/files/1/0558/4191/4998/files/the-ultimate-commercial-kit-40-2395612.png?v=1764653828,Y,Y,Y
2,136,T-ULTIMATE-C-50,Ultimate Kit for Commercial 50',The ULTIMATE Commercial Kit 50',Tucker,Tucker,T-ULTIMATE-C-50,T-ULTIMATE-C-50.png,Images\Tucker images\T-ULTIMATE-C-50.png,C:\Codex\AZCS Inventory\Images\Tucker images\T-ULTIMATE-C-50.png,https://cdn.shopify.com/s/files/1/0558/4191/4998/files/the-ultimate-commercial-kit-50-6116872.png?v=1764653828,Y,Y,Y
2,137,T-ULTIMATE-C-60,Ultimate Kit for Commercial 60',The ULTIMATE Commercial Kit 60',Tucker,Tucker,T-ULTIMATE-C-60,T-ULTIMATE-C-60.png,Images\Tucker images\T-ULTIMATE-C-60.png,C:\Codex\AZCS Inventory\Images\Tucker images\T-ULTIMATE-C-60.png,https://cdn.shopify.com/s/files/1/0558/4191/4998/files/the-ultimate-commercial-kit-60-6879806.png?v=1764653827,Y,Y,Y
2,138,T-ULTIMATE-C-70,Ultimate Kit for Commercial 70',The ULTIMATE Commercial Kit 70',Tucker,Tucker,T-ULTIMATE-C-70,T-ULTIMATE-C-70.png,Images\Tucker images\T-ULTIMATE-C-70.png,C:\Codex\AZCS Inventory\Images\Tucker images\T-ULTIMATE-C-70.png,https://cdn.shopify.com/s/files/1/0558/4191/4998/files/the-ultimate-commercial-kit-70-4261918.png?v=1764653827,Y,Y,Y
2,139,T-ULTIMATE-KIT-RES-H2PRO-110,Ultimate Residential Kit H2PRO,Ultimate Residential Kit H2PRO,Tucker,Tucker,T-ULTIMATE-KIT-RES-H2PRO-110,T-ULTIMATE-KIT-RES-H2PRO-110.png,Images\Tucker images\T-ULTIMATE-KIT-RES-H2PRO-110.png,C:\Codex\AZCS Inventory\Images\Tucker images\T-ULTIMATE-KIT-RES-H2PRO-110.png,,Y,N,Y
2,140,T-ULTIMATE-KIT-RES-H2PRO,Ultimate Residential Kit H2PRO(WP),Ultimate Residential Kit H2PRO(WP),Tucker,Tucker,T-ULTIMATE-KIT-RES-H2PRO,T-ULTIMATE-KIT-RES-H2PRO.png,Images\Tucker images\T-ULTIMATE-KIT-RES-H2PRO.png,C:\Codex\AZCS Inventory\Images\Tucker images\T-ULTIMATE-KIT-RES-H2PRO.png,,Y,N,Y
2,141,T-ULTIMATE-KIT-RES-40UGK,Ultimate Residential Kit with Tucker® 40 upgrade,ULTIMATE Rival Residential Kit - Tucker 40 upgrade,Tucker,Tucker,T-ULTIMATE-KIT-RES-40UGK,T-ULTIMATE-KIT-RES-40UGK.png,Images\Tucker images\T-ULTIMATE-KIT-RES-40UGK.png,C:\Codex\AZCS Inventory\Images\Tucker images\T-ULTIMATE-KIT-RES-40UGK.png,https://cdn.shopify.com/s/files/1/0558/4191/4998/files/the-ultimate-residential-kit-549344.jpg?v=1746392529,Y,Y,Y
2,142,T-SKID-ULT-MAV,Ultimate Tucker Skid - Maverick,Ultimate Residential Skid - Designed for Compact Pick Ups,Tucker,Tucker,T-SKID-ULT-MAV,T-SKID-ULT-MAV.jpeg,Images\Tucker images\T-SKID-ULT-MAV.jpeg,C:\Codex\AZCS Inventory\Images\Tucker images\T-SKID-ULT-MAV.jpeg,https://cdn.shopify.com/s/files/1/0558/4191/4998/files/ultimate-residential-skid-maverick-254201.jpg?v=1746392037,Y,Y,Y
2,143,62014-BV,Union Ball Valve 1/2OD x 1/2OD,Union Ball Valve 1/2OD x 1/2OD,Tucker,Tucker,62014-BV,62014-BV.png,Images\Tucker images\62014-BV.png,C:\Codex\AZCS Inventory\Images\Tucker images\62014-BV.png,,Y,N,Y
2,144,62014-BV-BYPASS,Union Ball Valve 1/2OD x 1/2OD - drilled,Replacement Plastic Bypass Valve,Tucker,Tucker,62014-BV-BYPASS,62014-BV-BYPASS.png,Images\Tucker images\62014-BV-BYPASS.png,C:\Codex\AZCS Inventory\Images\Tucker images\62014-BV-BYPASS.png,https://cdn.shopify.com/s/files/1/0558/4191/4998/products/replacement-plastic-bypass-valve-513435.jpg?v=1746392883,Y,Y,Y
2,145,T-LEVER-V2-COMP,V2 Lever Complete for CF Pole Clamp,V2 Lever Complete for CF Pole Clamp,Tucker,Tucker,T-LEVER-V2-COMP,T-LEVER-V2-COMP.jpeg,Images\Tucker images\T-LEVER-V2-COMP.jpeg,C:\Codex\AZCS Inventory\Images\Tucker images\T-LEVER-V2-COMP.jpeg,https://cdn.shopify.com/s/files/1/0558/4191/4998/files/v2-lever-complete-for-cf-pole-clamp-9748532.jpg?v=1753305986,Y,Y,Y
2,146,WATER-FED-BRUSH-│-ALPHA-BOAR-AND-NYLON-BRISTL,"Water Fed Brush │ Alpha Boar and Nylon Bristle Hybrid - 4 Pencil Jets, Rinse Bar, and Swivel Neck","Water Fed Brush │ Alpha Boar and Nylon Bristle Hybrid - 4 Pencil Jets, Rinse Bar, and Swivel Neck",Tucker,Tucker,WATER-FED-BRUSH-│-ALPHA-BOAR-AND-NYLON-BRISTL,WATER-FED-BRUSH-│-ALPHA-BOAR-AND-NYLON-BRISTL.png,Images\Tucker images\WATER-FED-BRUSH-│-ALPHA-BOAR-AND-NYLON-BRISTL.png,C:\Codex\AZCS Inventory\Images\Tucker images\WATER-FED-BRUSH-│-ALPHA-BOAR-AND-NYLON-BRISTL.png,,Y,N,Y
2,147,WATER-FED-BRUSH-│-ALPHA-PREMIUM-BOAR-BRUSH,"Water Fed Brush │ Alpha Premium Boar Brush - 4 Pencil Jets, Rinse Bar and Swivel Neck","Water Fed Brush │ Alpha Premium Boar Brush - 4 Pencil Jets, Rinse Bar and Swivel Neck",Tucker,Tucker,WATER-FED-BRUSH-│-ALPHA-PREMIUM-BOAR-BRUSH,WATER-FED-BRUSH-│-ALPHA-PREMIUM-BOAR-BRUSH.png,Images\Tucker images\WATER-FED-BRUSH-│-ALPHA-PREMIUM-BOAR-BRUSH.png,C:\Codex\AZCS Inventory\Images\Tucker images\WATER-FED-BRUSH-│-ALPHA-PREMIUM-BOAR-BRUSH.png,,Y,N,Y
2,148,T-ALPHA-SCRUB,Water Fed Brush │ Alpha Scrubber,Water Fed Brush │ Alpha Scrubber,Tucker,Tucker,T-ALPHA-SCRUB,T-ALPHA-SCRUB.png,Images\Tucker images\T-ALPHA-SCRUB.png,C:\Codex\AZCS Inventory\Images\Tucker images\T-ALPHA-SCRUB.png,,Y,N,Y
2,149,T-12HY-LT,Water Fed Brush │ Dual Trim - Boar and Nylon Bristle Hybrid - 4 Pencil Jets,Water Fed Brush │ Dual Trim - Boar & Nylon Bristle Hybrid - 2 Pencil Jets,Tucker,Tucker,T-12HY-LT,T-12HY-LT.png,Images\Tucker images\T-12HY-LT.png,C:\Codex\AZCS Inventory\Images\Tucker images\T-12HY-LT.png,https://cdn.shopify.com/s/files/1/0558/4191/4998/products/water-fed-brush-dual-trim-boar-nylon-bristle-hybrid-2-pencil-jets-719939.jpg?v=1746392918,Y,Y,Y
2,150,WATER-FED-BRUSH│BOAR-BRISTLE---4-PENCIL-JETS,Water Fed Brush│Boar Bristle - 4 Pencil Jets,Water Fed Brush│Boar Bristle - 4 Pencil Jets,Tucker,Tucker,WATER-FED-BRUSH│BOAR-BRISTLE---4-PENCIL-JETS,WATER-FED-BRUSH│BOAR-BRISTLE---4-PENCIL-JETS.png,Images\Tucker images\WATER-FED-BRUSH│BOAR-BRISTLE---4-PENCIL-JETS.png,C:\Codex\AZCS Inventory\Images\Tucker images\WATER-FED-BRUSH│BOAR-BRISTLE---4-PENCIL-JETS.png,,Y,N,Y
2,151,12034,Water-Fed Delivery Pump,Tucker® Delivery Pump,Tucker,Tucker,12034,12034.png,Images\Tucker images\12034.png,C:\Codex\AZCS Inventory\Images\Tucker images\12034.png,https://cdn.shopify.com/s/files/1/0558/4191/4998/files/tucker-delivery-pump-197094.jpg?v=1746393114,Y,Y,Y
2,152,T-1000,Welded Frame for 3 Stage Cart,Welded Frame for 3 Stage Cart,Tucker,Tucker,T-1000,T-1000.jpeg,Images\Tucker images\T-1000.jpeg,C:\Codex\AZCS Inventory\Images\Tucker images\T-1000.jpeg,,Y,N,Y
2,153,HW014,Wheel Bolt,Wheel Bolt,Tucker,Tucker,HW014,HW014.png,Images\Tucker images\HW014.png,C:\Codex\AZCS Inventory\Images\Tucker images\HW014.png,,Y,N,Y
2,154,T-WCT,Wood Cone Tip for Acme Tips,Wood Cone Tip,Tucker,Tucker,T-WCT,T-WCT.png,Images\Tucker images\T-WCT.png,C:\Codex\AZCS Inventory\Images\Tucker images\T-WCT.png,https://cdn.shopify.com/s/files/1/0558/4191/4998/products/wood-cone-tip-480580.jpg?v=1746392266,Y,Y,Y
2,155,T-18ALPHA-HB-SOLAR,XL ALPHA BADGER Solar Brush,XL ALPHA BADGER Solar Brush,Tucker,Tucker,T-18ALPHA-HB-SOLAR,T-18ALPHA-HB-SOLAR.jpeg,Images\Tucker images\T-18ALPHA-HB-SOLAR.jpeg,C:\Codex\AZCS Inventory\Images\Tucker images\T-18ALPHA-HB-SOLAR.jpeg,,Y,N,Y
2,156,T-18ALPHA-DT-XL,XL Nylon Alpha Brush,XL Nylon Alpha Brush,Tucker,Tucker,T-18ALPHA-DT-XL,T-18ALPHA-DT-XL.jpeg,Images\Tucker images\T-18ALPHA-DT-XL.jpeg,C:\Codex\AZCS Inventory\Images\Tucker images\T-18ALPHA-DT-XL.jpeg,,Y,N,Y
