Vendor,Base Category,Assigned Category,Items,First Item,Last Item
AZ Cleaning Supplies,AZ Cleaning Supplies > Service,AZ Cleaning Supplies > Service,1,Repair / Service Labor,Repair / Service Labor
AZCS,AZCS > Chemicals,AZCS > Chemicals,1,Sodium Hydroxide - 50 lb Bag,Sodium Hydroxide - 50 lb Bag
BE,BE > Cold Water Equipment,BE > Cold Water Equipment,14,"CW, 2-STEP, ELEC, 4GPM, 2000PSI, 5HP, 3PH 208VAC@17A/230VAC@16A","CW; 2-STEP, ELECTRIC, 5GPM@2000PSI, 7.5HP, 1PH 230VAC@36A"
BE,BE > Equipment,BE > Equipment > 001-200,200,"""T"" TYPE SCREW FOR 3"" TP KIT OF 6","BLADE ASSY, 30"" FOR JINLING FP30. NLA"
BE,BE > Equipment,BE > Equipment > 201-400,200,"BLADE ASSY, 36"" FOR JINLING FD36. NLA","CAMLOCKFITTING,PP3""TYPE DP"
BE,BE > Equipment,BE > Equipment > 401-600,200,"CAP SCREW, LOW PRESSURE FOR EZ4040G","DECAL, CASE N0ZZLE PLATE FOR 85.600.210C FRAME. NLA"
BE,BE > Equipment,BE > Equipment > 601-800,200,"DECAL, CONTACT, PW FOR 2705HWX/3170RWX/3065HWX/2560RW","FRAME, LARGE, BE, GREY STEEL TIP BACK W/O WHEELS"
BE,BE > Equipment,BE > Equipment > 801-1000,200,"FRAME, LARGE, BE, STAINLESS STEEL TIP BACK W/O WHEELS","HOSE 40"" 3/8"" S/B BLK BARE 4000 PSI"
BE,BE > Equipment,BE > Equipment > 1001-1200,200,"HOSE 50FT 3/8"" D/B BLK SS QC 6000 PSI.","KIT, COM BXD PUMP REBUILD FOR 85.149.081 / 088 PUMP"
BE,BE > Equipment,BE > Equipment > 1201-1400,200,"KIT, COMPLETE COUPLER/PLUG w/85.300.101,102,103 & 104. RB: 85.400.207","NOZZLE, FUEL; 90A, 2.0GPH BRASS. FOR HW4013HG"
BE,BE > Equipment,BE > Equipment > 1401-1600,200,"NOZZLE, LONG RANGE SOAP LONG & SHORT RANGE ADJ NOZZLE","O'RING, FOR COMET PUMP FOR COMET PUMP"
BE,BE > Equipment,BE > Equipment > 1601-1800,200,"O'RING, FOR PISTON (LWDK) NOT RETURNABLE TO SUPPLIER","PUMP BODY; 85.150.315 2HP50 PUMP, WS1565H"
BE,BE > Equipment,BE > Equipment > 1801-2000,200,PUMP BOXED RMV25G30D-EZ 3K 2.5 GPM HORIZ - BRASS HEAD,"SEAL, OIL (EZ3040G)"
BE,BE > Equipment,BE > Equipment > 2001-2200,200,"SEAL, OIL FOR CAT 2X, 1DX, 2DX, 3DX, 4DX PUMPS",UNLOADER PILOT VALVE 160PSI LOAD; 175PSI UNLOAD
BE,BE > Equipment,BE > Equipment > 2201-2357,157,UNLOADER VALVE FOR AR JRV PUMP,"WHORL CASE, WP, 4"", OLD FOR 85.150.204. WQL/NLA"
BE,BE > Hot Water Equipment,BE > Hot Water Equipment,39,"HW, 240V, 2500PSI 3.5GPM 5HP, ABB, COMET, 1PH, NAT GAS","HW, STN, HD, 7.5HP, 4GPM@3000PSI, 3PH NG, COIL R/L, 460VAC@16A, 1.5"" FRAME"
BE,BE > Pressure Washers,BE > Pressure Washers,113,PW ELEC 1.5HP 1500 PSI 1.6 GPM WALLMOUNT W/ HOSE REEL,"PW; HOT, ELEC, 2000PSI@3.5GPM, 230V AR, 5HP 1PH 230V BELT DRIVE"
Barrens,Barrens > Accessories & Misc,Barrens > Accessories & Misc > 001-200,200,"(10)GLADIATOR OVAL MOLDED GRIP 36"" CHROME PLATED",GP HI-DRAW ADJ ACID INJECT 2.1mm 3-5 GPM
Barrens,Barrens > Accessories & Misc,Barrens > Accessories & Misc > 201-319,119,GP REEL MOUNT KIT,"ZGRS1000 RS500 GEAR REDUCTION 2.2 TO 1 FOR 1"" OD S"
Barrens,Barrens > Chemicals & Sealers,Barrens > Chemicals & Sealers,6,"43243 LOW PRESSURE SEAL 3FR,7FR",EACH 16 OZ. RED DEVIL SOOT REMOVER
Barrens,Barrens > Complete Pumps,Barrens > Complete Pumps > 001-200,200,"(10)2SFX20ES 2GPM 2000 PSI 3450 RPM 5/8"" ELECTRIC",RK1528HN 4.0GPM 4000PSI 1450RPM 24mm x 30mm SHAFT
Barrens,Barrens > Complete Pumps,Barrens > Complete Pumps > 201-291,91,RKA45G40HN 4.5GPM 4000 PSI 1750RPM 24mm SHAFT,"ZWD5030G 5.0GPM 3000 PSI 1"" GAS FLANGE"
Barrens,Barrens > Drive Components & Hardware,Barrens > Drive Components & Hardware,177,(10)10 ml BLUE THREADLOCKER,Y60040951 CHECK SPRING
Barrens,Barrens > Electrical & Burner Controls,Barrens > Electrical & Burner Controls,129,(10)PULSAR 4 UNLOADER WITH SWITCH,WAYNE MSR-DC 12V BURNER W/7116 PUMP
Barrens,Barrens > Engines & Engine Parts,Barrens > Engines & Engine Parts,157,(12)120-345 STENS OIL FILTERREPLACE BRIGGS 491056,ZSPEED THROTTLE CONTROL KIT 3000PSI
Barrens,Barrens > Filters & Strainers,Barrens > Filters & Strainers,102,"(10)CLEAR BOWL WATER FILTER 1"" FPT 50 MESH",ZF2 CHEMICAL STRAINER W/CHECK VALVE
Barrens,Barrens > Fittings & Adapters,Barrens > Fittings & Adapters > 001-200,200,(100)22mm SCREW COUPLER X 22mm SCREW COUPLER,"BANJO 1-1/2"" COUPLER x 1-1/2"" FPT THREAD"
Barrens,Barrens > Fittings & Adapters,Barrens > Fittings & Adapters > 201-400,200,"BANJO 1-1/2"" FPT COUPLING x BARB","PA S.S. SWIVEL 3/8"" M/F 5650 PSI"
Barrens,Barrens > Fittings & Adapters,Barrens > Fittings & Adapters > 401-556,156,"PKG OF 10 O-RING BUNA-N FOR 1/4"" QC SOCKETS","ZGR0750 RS99 2.4 TO 1 GEAR REDUCER FOR 3/4"" SHAFTE"
Barrens,Barrens > Guns & Wands,Barrens > Guns & Wands,162,"(10)DELUXIFIED MTM 40"" ZINC PLATE DUAL LANCE","ZZDBL72"" HEAVY DUTY DUAL LANCE"
Barrens,Barrens > Hose Reels & Parts,Barrens > Hose Reels & Parts,33,"(16)A-FRAME HOSE REEL 3/8""x450' 5000PSI","STACKRACK FOR 150', 300' & 450' SS A-FRAME REELS"
Barrens,Barrens > Hoses,Barrens > Hoses > 001-200,200,(100)4' CLEAR VINYL HOSE W/DETERGENT FILTER,"LIN. FT. BRAID-LOCK BLACK PUSH-ON 1/4"" HOSE 300 PS"
Barrens,Barrens > Hoses,Barrens > Hoses > 201-268,68,"LIN. FT. BRAID-LOCK BLACK PUSH-ON 3/8"" HOSE","WHIRL-A WAY HOSE 62"" X 3/8"""
Barrens,Barrens > Nozzles & Injectors,Barrens > Nozzles & Injectors > 001-200,200,#13 ORIFICE FOR X-JET NOZZLE FOR 3000 TO 4000 PSI,1/4 MEG 4060 WASHJET SPRAY NOZZLE
Barrens,Barrens > Nozzles & Injectors,Barrens > Nozzles & Injectors > 201-400,200,1/4 MEG 6503 WASHJET SPRAY NOZZLE,90A RED 2.50 GPH HOLLOW CONE NOZZLE
Barrens,Barrens > Nozzles & Injectors,Barrens > Nozzles & Injectors > 401-600,200,90A RED 2.75 GPH HOLLOW CONE NOZZLE,"GP QC 5 NOZZLE KIT 6.5 (0,15,25,40,6540)"
Barrens,Barrens > Nozzles & Injectors,Barrens > Nozzles & Injectors > 601-800,200,"GP QC 5 NOZZLE KIT 7.0 (0,15,25,40,6540)",REPAIR KIT ROTOJET 4500PSI 4.5
Barrens,Barrens > Nozzles & Injectors,Barrens > Nozzles & Injectors > 801-937,137,REPAIR KIT ROTOJET 4500PSI 5.0,X-JET M5 DELUXE VARIABLE NOZZLE #25 KIT 8.5 GPM
Barrens,Barrens > Pressure Washer Systems & Skids,Barrens > Pressure Washer Systems & Skids,89,"(10)ST-3600 21 GPM 8700 PSI S.S. SPRAY GUN 1/2"" FP",ZMFIL GREEN CAP WATER FILTER 1/2FPT X 1/2MPT
Barrens,Barrens > Pump Repair Parts,Barrens > Pump Repair Parts > 001-200,200,(2 KITS/PUMP) 33060 VALVE KIT 5CP3120,"43232 CERAMIC PLUNGER 53,56,57,58,59,60"
Barrens,Barrens > Pump Repair Parts,Barrens > Pump Repair Parts > 201-400,200,"43248 BACK-UP RING, VALVE SEAT (TEFLON)",98210600 OIL DIP STICK W/O-RING
Barrens,Barrens > Pump Repair Parts,Barrens > Pump Repair Parts > 401-600,200,A1YA-7912 SUNTEC FUEL PUMP,KIT 2542 CERAMIC PISTON 20mmx13mmx45mm
Barrens,Barrens > Pump Repair Parts,Barrens > Pump Repair Parts > 601-751,151,KIT 2543 CERAMIC PISTONS 22mm XW XWA,YUKIT215R REPAIR KIT FOR YU21235 & YU21405 (MFG BE
Barrens,Barrens > Soft Wash & Foam,Barrens > Soft Wash & Foam,22,(10)FOAM LANCE ADJ W/LITER BOTTLE,Y5183185 SPACER FOR YLS12T FOAMER
Barrens,Barrens > Surface Cleaners & Parts,Barrens > Surface Cleaners & Parts,123,"(12)GP 20"" FLAT SURFACE CLEANER 8GPM 4000PSI","WW3128-4 (26.75"") SPRAY BAR 4 TIP BIG GUY 28"""
Barrens,Barrens > Tanks & Chemical Delivery,Barrens > Tanks & Chemical Delivery,83,"(10)FLOAT TANK WITH LID, PLASTIC, 1 GAL.",TT9111 3GPM 1500PSI 24MM SOLID SHAFT
Barrens,Barrens > Unloaders & Flow Control,Barrens > Unloaders & Flow Control,140,"(100)EZ-GRIP FGH x 1/2"" MPT W/BYPASS FITTING",YKITU5221 KIT REPAIR YU5221 UNLOADER
Chemicals,Chemicals,Chemicals,32,Bullseye,White Vinegar
Chemicals > EaCo Chem,Chemicals > EaCo Chem,Chemicals > EaCo Chem,1,Showboat,Showboat
Chemicals > Sweep Away,Chemicals > Sweep Away,Chemicals > Sweep Away,9,Sweep Away Degreaser 12 Pack,Sweep Away Spray Oil Stain Degreaser
Chemicals > Tagaway/Taginator,Chemicals > Tagaway/Taginator,Chemicals > Tagaway/Taginator,6,Tagaway 1 gal.,Taginator 5 Gal.
Chemicals > Trident,Chemicals > Trident,Chemicals > Trident,2,Sea Wall 5 gal.,Trident Roller Solvent
EacoChem,EacoChem > Fleet Wash Products,EacoChem > Fleet Wash Products,30,AP Plus BC (Purple Plus) - 1 Gallon,Truck Wash Supreme SC - 55 Gallon Drum
EacoChem,EacoChem > New Construction & Restoration,EacoChem > New Construction & Restoration,66,ABF Restoration - 1 Gallon,White Scum Presoak - 55 Gallon Drum
EacoChem,EacoChem > Sealers,EacoChem > Sealers,6,EC 101 WB - 1 Gallon,EC 102 SOL - 55 Gallon Drum
EnviroBioCleaner,EnviroBioCleaner > Multipurpose Cleaner and Degreaser,EnviroBioCleaner > Multipurpose Cleaner and Degreaser,2,EBC Multipurpose Cleaner and Degreaser - 5 Gallon Pail,EBC Multipurpose Cleaner and Degreaser - 55 Gallon Kit
Equipment,Equipment,Equipment,9,8012PRO-35HG,"Whisper Wash Mini Mondo 31"""
Front9,Front9 > Concrete Cleaners,Front9 > Concrete Cleaners,5,F9 BARC Rust and Oxidation Remover - 1 Gallon,F9 Groundskeeper - 5 Gallon Pail
H & G,H & G > Chemicals > Sweep Away,H & G > Chemicals > Sweep Away,1,Sweep Away Combo,Sweep Away Combo
INSECO,INSECO > CONCRETE/STONE/PAVER SEALERS,INSECO > CONCRETE/STONE/PAVER SEALERS,16,1 K URETHANE Five,SEALTHANE Natural Matte 2 Part Urethane Full Kit
INSECO,INSECO > JOINT SAND,INSECO > JOINT SAND,4,ASH 50# BAG,RIVER ROCK 50# BAG
INSECO,INSECO > SEALTHANE Color Packs,INSECO > SEALTHANE Color Packs,32,Black 128 Ounce,Yellow Oxide 4 Ounce
INSECO,INSECO > SOLVENT CONCRETE STAIN/SEALERS,INSECO > SOLVENT CONCRETE STAIN/SEALERS,52,Accent Base Five,White Base Gallon
INSECO,INSECO > SPECIALTY FINISHES,INSECO > SPECIALTY FINISHES,26,100% Acrylic HOT STUCCO Primer 1 Gallon,TEX RX ANTI SKID ADDITIVE 6 OZ
INSECO,INSECO > STRIPPERS & CLEANERS,INSECO > STRIPPERS & CLEANERS,9,NPS Rx Natural Paint Stripper Gel Five,PSR Paver Sealer Remover Spray Gallon
INSECO,INSECO > WOOD Rx Color Packs,INSECO > WOOD Rx Color Packs,20,Color Pack Cedar Five,Color Pack Weatherd Gray Gallon
INSECO,INSECO > WOOD SEALERS,INSECO > WOOD SEALERS,81,DECK Rx Accent Five,WOOD Rx ultra Weathered Gray Gallon
JRacenstein,JRacenstein > Accessories,JRacenstein > Accessories,2,Bulb Changer Kit,Bulb Changer Kit with Pole
JRacenstein,JRacenstein > Auto Cleaning,JRacenstein > Auto Cleaning,14,Acrylic Squeegee,Wrap around Flo Brush
JRacenstein,JRacenstein > Backflip,JRacenstein > Backflip,8,BackFlip Handle Brass,"BackFlip, Stainless Steel, 18"""
JRacenstein,JRacenstein > Brushes & Accessories,JRacenstein > Brushes & Accessories,6,Cleaning Clamp,Toilet Bowl Brush
JRacenstein,JRacenstein > Buckets,JRacenstein > Buckets,10,3 1/2 Gallon Bucket,"Super Bucket, Snap-On Lid"
JRacenstein,JRacenstein > Channels,JRacenstein > Channels,33,"Aluminum Channel with Rubber 12""","Super Channel 36"""
JRacenstein,JRacenstein > Clean Up Tools,JRacenstein > Clean Up Tools,5,"Grip'n Grab 16""",Trash Picker Replacement Tip
JRacenstein,JRacenstein > Complete Squeegees,JRacenstein > Complete Squeegees,23,"All-Purpose Squeegee 10""",Shower Sweep White
JRacenstein,JRacenstein > Dusters,JRacenstein > Dusters,20,Ceiling Fan Brush,"Turkey Feather Duster, 14"""
JRacenstein,JRacenstein > Floor Squeegee Rubber,JRacenstein > Floor Squeegee Rubber,6,"Black Replacement Rubber for Straight and Curved Aluminun Floor Squeeges 18""","Replacement Rubber for Industrial Steel Floor Squeegees 36"""
JRacenstein,JRacenstein > Floor Squeegees,JRacenstein > Floor Squeegees,25,"30"" Curved Aluminum Floor Squeegee","Wooden Floor Squeegee Handles 60"""
JRacenstein,JRacenstein > Holsters,JRacenstein > Holsters,8,Double Loop Nylon Holster,Utility Pouch
JRacenstein,JRacenstein > Kits,JRacenstein > Kits,9,All-Purpose Window Cleaning Kit,Window Cleaning Kit with Case
JRacenstein,JRacenstein > Microfiber Cloths,JRacenstein > Microfiber Cloths,8,All Purpose MicroSwipe 13 x 13,"Wood & Furniture Microfiber Cloths 13"" X 13"""
JRacenstein,JRacenstein > Point of Purchase Displays,JRacenstein > Point of Purchase Displays,4,Complete Cleaning Display,Window Cleaning Refill Kit
JRacenstein,JRacenstein > Pole Custom Packs,JRacenstein > Pole Custom Packs,1,Various Poles Custom Packs,Various Poles Custom Packs
JRacenstein,JRacenstein > Poles & Pole Accessories,JRacenstein > Poles & Pole Accessories,27,Angle Adapter,Replacement Grips 4-Sec
JRacenstein,JRacenstein > Rubber,JRacenstein > Rubber,29,End Clips,"T-Shaped Rubber, 36"""
JRacenstein,JRacenstein > Scrapers & Floor Scrapers,JRacenstein > Scrapers & Floor Scrapers,24,"Ettore Champion Blade Holder 5""","Scrapemaster Replacement Blades 4"""
JRacenstein,JRacenstein > Sleeves,JRacenstein > Sleeves,20,"Advanced Microfiber, Sleeve, 10""","Porcupine Scrubber, Sleeve, 22"""
JRacenstein,JRacenstein > Soap,JRacenstein > Soap,5,1 Gal Squeegee Off,"Squeege-Off Liquid Soap, Concentrate 32oz"
JRacenstein,JRacenstein > Squeegee Handles,JRacenstein > Squeegee Handles,23,Aluminum Handle,Zero Degree Handle
JRacenstein,JRacenstein > T-Bars,JRacenstein > T-Bars,14,"Pro + T-Bar 10""","Taper T-Bar T-Bar, 18"""
MPWSR,MPWSR > Accessories & Misc,MPWSR > Accessories & Misc,70,.975 Brass Ferrule for Fluid,Xforce Stainless Steel Performance 4 tip bar Mondo
MPWSR,MPWSR > Chemicals & Sealers,MPWSR > Chemicals & Sealers,108,16oz Window Mauler,Window Mauler Gallon
MPWSR,MPWSR > Complete Pumps,MPWSR > Complete Pumps,42,"2200 PSI 2.2 GPM 7/8"" Vertical Shaft",VRT-3 Unloader w/built-in EZ start 8.0gpm 4500PSI MAX
MPWSR,MPWSR > Drive Components & Hardware,MPWSR > Drive Components & Hardware,62,#6 300 SERIES 5/16=7/8 INNER DIAMETER Mini Clamp,"ULTRACLEAN 19""HC Handle"
MPWSR,MPWSR > Electrical & Burner Controls,MPWSR > Electrical & Burner Controls,55,(Rectifier) 20A,Switch; Oil Level
MPWSR,MPWSR > Engines & Engine Parts,MPWSR > Engines & Engine Parts > 001-200,200,12v rocker switch Carling 10C587 V1D1,"Throttle Control Assy GX140-160-200, 168F-196F"
MPWSR,MPWSR > Engines & Engine Parts,MPWSR > Engines & Engine Parts > 201-208,8,Throttle Control Assy GX240-270 173F-177F,"YGR1125P31 B31 1-1/8"" engine shaft General Pumps All"
MPWSR,MPWSR > Filters & Strainers,MPWSR > Filters & Strainers,47,"1 1/2"" Poly Y Strainer 80 Mesh",Y15373400 PA gearbox oil sight glass
MPWSR,MPWSR > Fittings & Adapters,MPWSR > Fittings & Adapters > 001-200,200,1 1/2 x 1 1/4 Fernco,"Poly Elbow 1/2"" mpt x 1/4"" barb"
MPWSR,MPWSR > Fittings & Adapters,MPWSR > Fittings & Adapters > 201-227,27,PUMP KIT 171 COMPLETE SEAL PACKING KIT (20MM) With Brass,TSF2221 8.5-10.2GPM @ 3000PSI 1450/1750
MPWSR,MPWSR > Guns & Wands,MPWSR > Guns & Wands,86,1 ft Aluminum Extension Wand Assembly With Quick Connects,Universal Spot spray gun
MPWSR,MPWSR > Hose Reels & Parts,MPWSR > Hose Reels & Parts,49,1/2 304 STAINLESS STEEL ELBOW Titan reel,Titan Reel Side Panel
MPWSR,MPWSR > Hoses,MPWSR > Hoses,131,"1 1/2"" Clear Poly Braided Hose (per ft)",Whip line 8' 4000 psi black hose 3/8
MPWSR,MPWSR > Nozzles & Injectors,MPWSR > Nozzles & Injectors,158,1.8mm Chemical Injector (100774) w/ SS QC's,White Nozzle 40 Degree Tip - 12 GPM
MPWSR,MPWSR > Pressure Washer Systems & Skids,MPWSR > Pressure Washer Systems & Skids > 001-200,200,"1"" Banjo T Strainer 80 Mesh",Manatee Gear Drive 5.5GPM @ 3500PSI w/ GX630 & Comet RW5535 Pump
MPWSR,MPWSR > Pressure Washer Systems & Skids,MPWSR > Pressure Washer Systems & Skids > 201-361,161,Manatee Gear Drive 5.5GPM @ 3500PSI w/ GX630 & Comet RW5535 Pump (K7 Unloader),ZWD-K/AXD/BXD Unloader kit
MPWSR,MPWSR > Pump Repair Parts,MPWSR > Pump Repair Parts,178,0501.0168.00 DELIVERY MANIFOLD COMPLETE P36/10,ZWD-K Valve Kit
MPWSR,MPWSR > Skids,MPWSR > Skids,1,Truck Mount Skid CRX680,Truck Mount Skid CRX680
MPWSR,MPWSR > Soft Wash & Foam,MPWSR > Soft Wash & Foam > 001-200,200,"1"" Metering Valve","Rampage 1/2"" Red 300' softwash hose with crimped ends"
MPWSR,MPWSR > Soft Wash & Foam,MPWSR > Soft Wash & Foam > 201-251,51,"Rampage 1/2"" Red 300' softwash hose with STAINLESS STEEL crimped ends",Xjet M5 Twist Nozzle - 7-12 GPM
MPWSR,MPWSR > Surface Cleaners & Parts,MPWSR > Surface Cleaners & Parts > 001-200,200,001/4 Meg SurfaceCleaner Nozzle 6.5 GPM 0 Degree 00065,Roto EZE Surface Cleaner Replacement Cover
MPWSR,MPWSR > Surface Cleaners & Parts,MPWSR > Surface Cleaners & Parts > 201-251,51,Solid handle for surface cleaners,Xforce Stainless Steel Performance 4 tip bar Ultra Clean 19 Classic 19
MPWSR,MPWSR > Tanks & Chemical Delivery,MPWSR > Tanks & Chemical Delivery,87,"1 1/2"" Bulkhead",ZWD 5030 direct drive bare pump 6305.2400.00
MPWSR,MPWSR > Unloaders & Flow Control,MPWSR > Unloaders & Flow Control,42,**SPECIAL FOR PSI ONLY** PMR RW 5535S-VRT3-310EZ W/BYPASS & THERM RELIEF,VRT-3 Repair Kit
Manatee,Manatee,Manatee,4,1/2 hose x 1/2 M Pipe Swivel Crimp,Xforce SS 4 tip bar Ground Force Spray Bar
Maxim Mart,Maxim Mart > Window Cleaning,Maxim Mart > Window Cleaning,2,Blue Microfiber Glass Cloth / Towel,Microfiber Waffle Weave Towel
Parts,Parts,Parts,54,"1/4"" MPT Nozzle 25 Degree 60 gpm",VAM03
RCCT,RCCT > Trailers,RCCT > Trailers,1,77 x 10 Tandem Axle Utility Trailer - No Ramp,77 x 10 Tandem Axle Utility Trailer - No Ramp
Sand,Sand > Chemicals > Trident,Sand > Chemicals > Trident,12,Joint Sand BLACK,PolySweep TAN
Sealer,Sealer,Sealer,3,EC 101 WB 1 Gal.,Micro-Seal - 5
Service,Service,Service,1,Pressure Washing Equipment Maintenance / PM,Pressure Washing Equipment Maintenance / PM
Tools,Tools,Tools,131,"14"" Unger Microfiber Window Combi",Yellow Microfiber Towel
Tools,Tools > Chemicals > Tagaway/Taginator,Tools > Chemicals > Tagaway/Taginator,1,Tagsprayer,Tagsprayer
Trident,Trident > 2 Part Sealers,Trident > 2 Part Sealers,3,Hurricane Cat 4 Full Kit,Hurricane Cat 5 Half Kit
Trident,Trident > Cleaners,Trident > Cleaners,11,Point Break - 4 Gallon Case (per gallon),Wipe Out - 5 Gallon Pail
Trident,Trident > Sand,Trident > Sand,12,Joint Sand - Black - 50 lb bag,Polysweep - Tan - 50 lb bag
Trident,Trident > Sealers,Trident > Sealers,6,Break Wall - 5 Gallon Pail,Typhoon - 5 Gallon Pail
Tucker,Tucker > Accessories,Tucker > Accessories,73,0-160 psi Pressure Gauge Liquid Filled,XL Nylon Alpha Brush
Tucker,Tucker > Catalog,Tucker > Catalog,195,1/2 Black Tubing (per 10 foot length),Wood Cone Tip for Acme Tips
Tucker,Tucker > Pure Water Systems,Tucker > Pure Water Systems,47,1 cubic foot of Tucker DI resin in Bucket,Water-Fed Delivery Pump
Tucker,Tucker > Water Fed Pole Parts,Tucker > Water Fed Pole Parts,102,#1 Section for 50HMw/ clamp,V2 Lever Complete for CF Pole Clamp
Uncategorized,Uncategorized,Uncategorized,55,1/2 10 pack o ring,Wooster R054 2 -4 Extension Pole
Window Cleaning,Window Cleaning,Window Cleaning,15,"3M 08003 Pad,White,10""L",Unger Ninja Scraper 6 Inch
Window Cleaning > Sorbo,Window Cleaning > Sorbo,Window Cleaning > Sorbo,16,"Sorbo 14"" Fixed T-Bar",Sorbo Yellow Jacket Sleeve with Brass Snaps 18in
