SKU,Item Name,Canonical Token,Duplicate Token,Vendor,Archived In Import
T-50-HM-1-WC,#1 Section for 50HMw/ clamp,HLEWVY2F4FXHJKVLMKHI7GJB,RF7R4FXL6NLPQKCPXVYHPSBN,Tucker,Y
T-22-HY-1-WC,#1 Section for BRAVOw/ clamp,JOFPH4WNRGZCIWBWXSGZXC5M,34C2H63J3ASVY4UZRJLANV2L,Tucker,Y
T-30-CF-1-WC,#1 Section for ECO 30w/ Clamp,7TYUWZHS4XU23XTZBZOQEYOV,B72VNBWL4YH7OGGMWR5KVRFS,Tucker,Y
T-40-CF-1-WC,#1 Section for ECO 40w/ Clamp,HYDOUMJOE4JPN2TYJJXHQJB2,KPRQMGT6DVMPUTQ6RITVHX4O,Tucker,Y
T-15-HY-1-WC,#1 Section for Juniorw/ clamp,TP3T2GXLZIYXOZ7CCIPCXYT6,V577LHDOKPQSBZ2X4JFD6R4Y,Tucker,Y
T-12-FG-1-WC,#1 Section for SIDEKICKw/ Clamp,55HY7X7XCOOLVLLKG2BIJH2T,VKCZ7MMIPLQJPYWRN5EMAL5G,Tucker,Y
T-27-CF-1-WC,#1 Section for SOLAR BOOSTw/ Clamp,3WSH3U3JWGI5QUFZVXLLZQOT,IG7K3VZ7SPOFOJ6IXUUI33IY,Tucker,Y
T-CF-EXT-WC,#10 CF Pole Extension with Clamp,ADQUYIJFNWMN44LLOKRMZ3H5,RQIJQYRGCIYUIBB4MS5TL6NF,Tucker,Y
T-50-HM-2-WC,#2 Section for 50HMw/ clamp,3GMM2JLMMONX5LB5ZFSWROMU,4PHORFF6ABYNVHDK6OKJKGBJ,Tucker,Y
T-22-HY-2-WC,#2 Section for BRAVOw/ clamp,FAIF2SLVLHAHKBJC252M7NT4,ZC72TXN67NBJXGNDBN2YLRWS,Tucker,Y
T-30-CF-2-WC,#2 Section for ECO 30w/ Clamp,KM5WAZMT7LNAEOPPDFEAIER4,AUAM5F4LVCCM65SAJYYAAGVE,Tucker,Y
T-40-CF-2-WC,#2 Section for ECO 40w/ Clamp,VBEGKM2CYJDGSFYR6UAHD2TV,EZRPW3Q66UQDTXZAFRLQM7BE,Tucker,Y
T-15-HY-2-WC,#2 Section for Juniorw/ clamp,CN6DTHFHMGLPMTHI73LWLX5I,B7ECQ2UDK2WRCQTTFOZ336NL,Tucker,Y
T-12-FG-2-WC,#2 Section for SIDEKICKw/ Clamp,CE3PP4SNG7SFBQKQR2BZZAO4,GVWN7BP3OKENE6B3KCVNXLCP,Tucker,Y
T-27-CF-2-WC,#2 Section for SOLAR BOOSTw/ Clamp,VL4ZKQXED3442N3SVN5E4QAF,KCO6MMB5GVE7CWYU3CNP7CDV,Tucker,Y
T-15-FG-3-WC,#3 Base Section for Juniorw/ clamp,SXI7HWNN4N2QLHWYARANQKUJ,FDOGDEZOLUF2WR5NZL4U4DKD,Tucker,Y
T-12-FG-3-WC,#3 Base Section for SIDEKICKw/ Clamp,PW5D5PAO2VRWFWBLSIIXEI2D,I7TJAKRAMAPE4TI27GEWZ67Z,Tucker,Y
T-50-HM-3-WC,#3 Section for 50HMw/ clamp,VKH5XL6G7OGGSW4CZYRNGNYO,Z3GGSCCKD4S5KGPMSP7A5WRU,Tucker,Y
T-22-HY-3-WC,#3 Section for BRAVOw/ clamp,NU5ZV2WKGWCXOP74IBJJ6MAY,77BCULYKHA4LKCNY6EYE5QKK,Tucker,Y
T-30-CF-3-WC,#3 Section for ECO 30w/ Clamp,3FNK5HJGZ6BJ33GZIGH3PGPV,KNQQGC4AVSVQJ4WLRN64IKJE,Tucker,Y
T-40-CF-3-WC,#3 Section for ECO 40w/ Clamp,ELKXXT6265DOQQ7MCB5NW7AO,SPXC5ZN7EVX42TKDYQ757V34,Tucker,Y
T-27-CF-3-WC,#3 Section for SOLAR BOOSTw/ Clamp,JOLWFZZFBUMQAXQW6R2FTZJA,4WFUZBPEFXAMVRVI6SM7NBAX,Tucker,Y
T-50-HM-4-WC,#4 Section for 50HMw/ clamp,OC3UOH7LQGTAIYUUKTUZZLU2,OXK6HXTBPK2WBDIGUC5SY3ZQ,Tucker,Y
T-22-HY-4-WC,#4 Section for BRAVOw/ clamp,TC3CS3IGHEB43XK24NT7QCH3,TA3ZWIYFCGLIJJVODPHUOPMI,Tucker,Y
T-30-CF-4-WC,#4 Section for ECO 30w/ Clamp,WKVMQ37TLFU7SEB5YJ7M3LSI,XYKPEMG7OIVIFPDAVJ5ONHFM,Tucker,Y
T-40-CF-4-WC,#4 Section for ECO 40w/ Clamp,T3W2LP7Y46FL3NDQ57QBGXY2,CU4ZK5Q7XMSKGECTZNVKRPAV,Tucker,Y
T-27-CF-4-WC,#4 Section for SOLAR BOOSTw/ Clamp,MXZFAPRHTTNHULWNJVAXCSLX,VLBIUNYLCINXGKOD5OD5DCD5,Tucker,Y
T-22-FG-5-WC,#5 Base Section for BRAVOw/ clamp,VJTTUWNFNLNJV5L7HN6Q72SH,LWAE4OAKEG63ARNKJT3E4PUO,Tucker,Y
T-30-FG-5-WC,#5 Base Section for ECO 30w/ Clamp,G6CV4WFTDGRAZOVOFRUAY7SK,OEUYEFFWNJXS7ANPZ36725YQ,Tucker,Y
T-50-HM-5-WC,#5 Section for 50HMw/ clamp,BKBJCGWDVBLZLCZCOZRVCAET,P4247EKC3LGYLVGQK32GSW2A,Tucker,Y
T-40-CF-5-WC,#5 Section for ECO 40w/ Clamp,VRKMXLYFC5VM5NPIPG7AHL74,2BJABZQPX4UDP5CJD3WI23UY,Tucker,Y
T-27-CF-5-WC,#5 Section for SOLAR BOOSTw/ Clamp,XBX66EWT6GDIBSEENP3AIK7O,PQU5EB3ZOWVA42UK2GLPMQB7,Tucker,Y
T-50-HM-6-WC,#6 Section for 50HMw/ clamp,XD7TY3NT667QDQRN7ZUAA246,2ANLI4S2SD2F7L3LFFWSK7GI,Tucker,Y
T-40-CF-6-WC,#6 Section for ECO 40w/ Clamp,CD4D4ZOAOPT6AQVJV5HAOI3N,IZNB7ZD35L2N4MDQSZES34KX,Tucker,Y
T-27-CF-6-WC,#6 Section for SOLAR BOOSTw/ Clamp,EXSGF3QX5XASQU3ZPNGT6XZL,QFOAHBBY2KMMDAQHJV225FJR,Tucker,Y
T-40-FG-7-WC,#7 Base Section for ECO 40w/ Clamp,O3NC5UFE5YRP6DXDTUCURGNC,UWZP5L6STGEWPJXAEOPZOW6P,Tucker,Y
T-27-FG-7-WC,#7 Base Section for SOLAR BOOSTw/ Clamp,QJNA5L2AVBPHOLL23L4HD4WC,VPHBAQBEKHLJGPL3WBUMRR5N,Tucker,Y
T-50-HM-7-WC,#7 Section for 50HMw/ clamp,TK276TYJHFPX6WIX6ANYPW7T,KK7PDGQMWSMF6QECFMNP3WG5,Tucker,Y
T-50-HM-8-WC,#8 Section for 50HMw/ clamp,6SIPIJVGDNJHMII5FOK75RDV,27WVURPI2RXP7BWE3VOSIGTX,Tucker,Y
T-50-FG-9-WC,#9 Base Section for 50HMw/ clamp,XXIURFRD4MMLZCQBH44SP6G5,JG74D7C6A2OTK26SHK5ISQ4T,Tucker,Y
T-9CFWC-50,#9 HM Section for 50' HM w/ clamp,2QP5Q3WEYG6N4JFVBNJ7RPDH,AWNPMADBRO4MV2UOP6UQFGT5,Tucker,Y
6629,"Green Wash Brush 10""",425M7WZNC2Z7KD7RCMU72MTV,XRKTD5TETSKC5O3ITQMGR5N7,Tools,Y
6245,X-jet M5 Jet 4-4.5 GPM #13,LUD5VCEXGOUZTYO7NJ5WQPSN,V2AMOITRD2ZO36NPGOOJ5CDD,Tools,Y
6766,X-jet M5 Jet 5-6.5 GPM #16,GSVDIWWICXPBOUZBORVM3UXO,V7OVD6W22FLI7MEZ7SOUAF2H,Tools,Y
7032,X-jet M5 Jet 7-8 GPM #20,GQVX53TP53TSPXGDQ4A74YM3,IKXM4Y76RDL3I3KOZDTY2H62,Tools,Y
1696,"1696- GP Steel 36"" Dual Lance",ND5PLRAZEDCGUGXE3KAUFNWA,U5UFC2KQLVBYATFOY2MNDRB2,Parts,Y
6431,Clear vinyl hose with detergent filter,22UEHEUBXEOQJDGTAL6MC5US,AXKE6FX3KLFWVZJY64QHGAHO,Parts,Y
3305,"Acid Resistant Wash Brush 10"" - Orange",IL5UJV64FNOX2UVJEAOAOV23,6YSYNJCCVVDJ7T7ZINYKMP27,Tools,Y
4518,VRT3 Unloader Valve,MPRF2PGO66WJMUS4NLKKTY4K,AD4W7XIKUDB46AZLKFWDB6AB,Parts,Y
7013,X-Jet M5DS Twist 2-3 GPM,RYXG62AATIBIP7747SUVQX3O,PI5FPNIBGBWZJF75TPGLWD7Z,Tools,Y
7019,X-Jet M5DS Twist 3-7GPM,2WQH7WFVKFZQGWEY7YJC7IXE,3SFCHMIPHW4HMVOLINRRVJZH,Tools,Y
7020,X-Jet M5DS Twist 7-12GPM,YDFE2LTJJN2RQNZOJEEK4BSZ,DIWX66BH7YJYYESJBUMXRBF7,Tools,Y
7009,General Pump A Fram Reel 300',K3A26466SPV2JQBDUOBBDKWJ,NINSFVM4IX67TYZ34JUB735F,Tools,Y
6329,"6329- Whisper Wash Classic 19"" 4-10gpm / 2000 -4000psi / 212 Deg F Max",QFR55WME7QBMAXIZVHKMNB3I,4NGALBPFJSMFARZQMVBLDWRV,Parts,Y
1299,"1299- Pressure Switch 1/4"" MPT  250v 15amp, Activates at 580 PSI, 4050 PSI Max",U2OI6GHCU2PQPG27LAL46BDY,MQQRU652RXEKYLTAMBPIVTLG,Parts,Y
6717,Whisper Wash 16’ Ultra Clean Hover,PZXXN7D26LBIBGECHP63I4J3,QK4Y2DBKOIGFX25GFBOQSMT5,Tools,Y
6538,Chemical Strainer (Heavy) Brass,XI6SOQKVZWG7FCCHJ2KTLBPP,W4TTO5EIUEG6S5YG3AF6SLEI,Uncategorized,Y
5187,5187- 1/8 MPT  25025,KRIPU3GCH3YZ76T77AMF3TLQ,NLVB2EOHRMXJ6GI5X6BTHT2L,Parts,Y
7008,General Pump A Fram Reel 150',AMFZCFJEL2QNLY7KUVHJUIH4,XPBS77HOFFSMKOF2S5WZ2CCL,Tools,Y
4117,Siphon Drum Pump,HRDCJMAIJ776YUHLDU3BGK67,7YUQVKRBWTCMGAHIMJZQRD3J,Tools,Y
1815,"1/4"" GP Quick Nozzle 15 Degree",VO62MERM7ZJFYTIGIMSJSHSL,NEAXSK7IAA32X6X3QDJYNZOE,Parts,Y
4997,High Pressure Ball Valve,HRMTDRKBRPUPE2J222MOG4CY,ZZIRDOQAUX3RNAKLK5A2STO5,Parts,Y
2582,"3/8"" Hex Coupler / Female Thread",SC5S3M73PWB7U3FDWBLO6IYN,ERIURJ34OV3VM2GZNB6F73WH,Parts,Y
6963,HPC Smooth 3/8 x 100' Gray Pressure Hose,HQOCYUDMCVBWI42EGZ7GDHVH,4UOUR6FNCHWBB7SUIAO2CF5N,Parts,Y
2396,Pressure Spray Gun,YAW27E4XC5SEB4UDVCOFQ7WN,PA5HP3X76WHKUKV4OA6Y3PSG,Tools,Y
1398,"12"" Zinc Plated Lance",AXAU3J4C747IGZSZZYXTB5OQ,ZXUFMVBYZH3OLF5GMOJQJ6XE,Tools,Y
6292,6292- DN10 Heavy Duty Nickel Plated Brass Ball Valve 3/8,WAZXXKQVIUYEN2FCK6BUEANK,6LKZL7JKUSWRTNUX367YLTQ5,Parts,Y
7066,"7066- Water Filter 3/4""",27PLOU2K3MFVW5P3RCDLVLO2,FMWRM2R2BJC4JP2JSQWCOYCM,Parts,Y
6987,"6987- Rupture Disk 1/2"" Inlet - 3/8 Outlet 7000PSI 225 Degrees F",EWOO23QJCXXL7NY2XFZRWCKC,KH4JBZZUQODEWYW4ISKPIEHM,Parts,Y
6955,Suttner ST-2305 Easy Pull Spray Gun Safety Orange,FADY533VWQL2F4NIN3RIJLUM,BXJEDBFSK4YO3MHQAXUMEXJK,Tools,Y
4654,Suttner ST-2305 Easy Pull Spray Gun,PML7FUM5WU7GVRLEGNGPU3CU,PZLVTFL3JNCVNRXCHTCNUYKX,Tools,Y
4539,ST-2605 Relax Action - 12gpm / 5000psi / 300 deg F,BBVRTWZY3752WE56LXP5PKAT,SBENXP2TYXILCRWAXCQHSFO6,Tools,Y
4848,"4848- 1/4"" MPT Nozzle 0 Degree 6 gpm 0006",TGIMWJHALGAISKOBPTJJXHLE,GYR5HP2Q3CKHHNL7VIARIV2B,Parts,Y
3338,"3338- 1/4"" MPT Nozzle 0 Degree 8 gpm",JSRV5AXOIDVPDLWYIIIYOYH3,7LZTPVBN4PHYALGMP52UAE5T,Parts,Y
6441,"6441- 1/4"" MPT Nozzle 15 Degree 3.5 gpm",ULLCJPG47AC4R5I2L2GMLERD,27BSZ5EVLYJMERA32ZB5Q5FY,Parts,Y
6521,"6521- 1/4"" MPT Nozzle 25 Degree 3.5 gpm",DUOS74YMEPJQFCIJXLT6KY2G,5M5ZE6ECVPAYDX25YOVZXXOU,Parts,Y
3656,"1/4"" GP Quick Nozzle 0 Degree",QKGHPBLDUYIS7EOLGCHF6ILD,AJLF5EMXZHIMDRSW4E36DPXL,Parts,Y
5204,"5204- Hex Bushing 1/2"" MPT x 3/8"" FPT",VF4IRKRPIMDD72S42IG2RPDR,PCDU4RK5LHUQXQ3V64PPAJDQ,Parts,Y
6651,"Big Guy 28"" Surface Cleaner",N6H5FR5RYFCQI2KSGZCUIR5U,JIBWSO7ET7QIXPPSHXOSMTMP,Tools,Y
6962,HPC Smooth Cover 3/8 x 50' Gray Pressure Hose,6HVH7ORBW5KB4UBKSKZYFW7F,K7YOVPLJBWISUETRFPXTHUUE,Tools,Y
TUCKER-BRAVO,(BRAVO) Tucker® 22' Hybrid Pole,ZHCDA3MNFFXCO3MW6H6O7NUK,NFRHFFD3YX64R55TOPMFKL4O,Tucker,Y
T-SIDEKICK,(SIDEKICK) Tucker® 6' TRAD Pole,M2ZE5KQDLNBKWVY7NGVTYCD3,PMQS55SQ4472HEAIGVLQJNWS,Tucker,Y
T-50-PRO-DU-150,*CRATED* Spot Free RO/DI 50 Gallon Dual User 150,7R3PVZ5VC2FKNUHZFX6W4G4W,J2J5EXRW6NW4ZXW6QMVPT3U2,Tucker,Y
T-50-PRO-DU-150,Spot Free RO/DI 50 Gallon Dual User 150,7R3PVZ5VC2FKNUHZFX6W4G4W,L5G724QM6F5IVFDJISVVVOOA,Tucker,Y
T-50-PRO-SU-150,*CRATED* Spot Free RO/DI 50 Gallon Single User 150,OTMTWGCF7BEY2CNVO7FNZZGP,EMX3BLVNGRGJ24JVNMETGRAO,Tucker,Y
T-50-PRO-SU-150,Spot Free RO/DI 50 Gallon Single User 150,OTMTWGCF7BEY2CNVO7FNZZGP,RCDQAUG3HJAKEYNVBJIDDNNL,Tucker,Y
12003-A,0-160 psi Pressure Gauge ..Liquid Filled,6MTXI2YCTZF72LIEFVOO42SW,W43LVB6EVOVUABBFCXOQ2CWT,Tucker,Y
12003-A,0-160 psi Pressure Gauge Liquid Filled,6MTXI2YCTZF72LIEFVOO42SW,SYTHRYJFDG5WNRB56US4SIM5,Tucker,Y
12003-A,1/2 NPT x 1/2 Barb..,6MTXI2YCTZF72LIEFVOO42SW,4WQTIQMOGXBXCUWDHCF4UYGG,Tucker,Y
20007,1 cubic foot of Tucker DI resin in Bucket,JOPTY6DCOA3X6D7OELYJS6NY,4WHAGQQRYJBLIFGBS6F6EM67,Tucker,Y
20007,1 cubic foot of Tucker DI resin in Bucket,JOPTY6DCOA3X6D7OELYJS6NY,UV5J7KXLPPNI2KQKYALISFRH,Tucker,Y
60027-10,1/2 Black Tubing (per 10 foot length),WWUWBOZOTIN6LI5GTOK5YRHH,YNZRQWVS2CWTTMDLRW6LD5DW,Tucker,Y
60027-10,1/2 Black Tubing (per 10 foot length),WWUWBOZOTIN6LI5GTOK5YRHH,5BA2DPFQRM44X77ZJSWQ62ED,Tucker,Y
63016,1/2 Brass Nipple Close,CROZQILAWIXBIKC6E7RMC22A,5HU5ABIHBVKNEF2JUOYBGU5H,Tucker,Y
63016,1/2 Brass Nipple Close,CROZQILAWIXBIKC6E7RMC22A,JVAZOWWLYGAUWX65YKTWRFCC,Tucker,Y
63017,1/2 Brass Plug,QYC54VP7DJAPRUI7EHXP3XQ5,RJWJVJQN6FSOVZUONK7M5Q6L,Tucker,Y
63017,1/2 Brass Plug,QYC54VP7DJAPRUI7EHXP3XQ5,44KC23N6DJSUQWAHU3MMVGZL,Tucker,Y
63017,1/2 Brass Plug,QYC54VP7DJAPRUI7EHXP3XQ5,JU6BTZQHZHJ32K2RRITH4J7C,Tucker,Y
63005,1/2 Brass Street Elbow,FWUL5PUGLRNPI3RKBA5WQ7N4,VG3HLVR5QVAZNUZG2N5BBHP7,Tucker,Y
63005,1/2 Brass Street Elbow,FWUL5PUGLRNPI3RKBA5WQ7N4,7TJSGJY5TWI7E5CWC4CBCZZL,Tucker,Y
63005,1/2 x 1/2 Tee w/1/4 female thread,FWUL5PUGLRNPI3RKBA5WQ7N4,LGLT5EM2XJHTDGWL3PYIQHYM,Tucker,Y
63020,1/2 Brass Tee,YIMFIRZKD2AVYQ7S3TCCTSBQ,PAIQ7QCTLCA7MYJ6YOKEGG6H,Tucker,Y
63020,1/2 Brass Tee,YIMFIRZKD2AVYQ7S3TCCTSBQ,CP7VYXMQ4YHT55S2HDJTTIIB,Tucker,Y
63020,1/2 x 1/4 Hex Bushing,YIMFIRZKD2AVYQ7S3TCCTSBQ,7Q6DLBJEAJUOHRWWHPTUUTD4,Tucker,Y
62027,1/2 Elbow Threaded BRASS (FNPT),UABGPY2FSUHH3XATVLPRLYQB,HWZLHFDJV7LITTBTTOQRYIMZ,Tucker,Y
62027,1/2 Elbow Threaded BRASS (FNPT)..,UABGPY2FSUHH3XATVLPRLYQB,BFCKH5PRAC62RVXRHCGSZI7J,Tucker,Y
62027,1/2 x 3/8 PTF Tee,UABGPY2FSUHH3XATVLPRLYQB,VHOXVQKEIAWO2EZW67BUGLAW,Tucker,Y
62039,1/2 FNPT Line Strainer 80mesh,Z2JOB3JNALCXRCSVJ4KQT75P,243K4U5GA6TWT265LLTFWFVP,Tucker,Y
55008,1/2 MPT 90 degree Steel Elbow,NPK55ALMUS6HVGQHPPBULC76,2ARDIQQGR52JGQF7QHRCBFRL,Manatee,Y
63032,1/2 MPT X FGH Swivel,SF4LODRM5GS5YV7ERTVM2GLI,OWWAOXLEYPLEPEQES6P2VYIY,Tucker,Y
63032,1/2 MPT X FGH Swivel,SF4LODRM5GS5YV7ERTVM2GLI,VNCCE6VPOBPNY7H2Q6NAEEJS,Tucker,Y
62028,1/2 Male Thread x 3/8 PTF,PIV55KJB2TDQIIG6RSGWIPFD,YEOF3MD7YWPFI47QSWNQ2T22,Tucker,Y
62028,1/2 Male Thread x 3/8 PTF,PIV55KJB2TDQIIG6RSGWIPFD,JNRMCIZRYQ5XXGIIZBEOHU3I,Tucker,Y
62028,12 volt waterproof rocker switch,PIV55KJB2TDQIIG6RSGWIPFD,AN6BP7Y6KSILBIZHISUD6SJT,Tucker,Y
62035,1/2 NPT x 1/2 Barb,6MEBPN4BS7HICTBRGDLT5P5D,NXLLCOBYBUYEYZGZJGBTFRQ5,Tucker,Y
62038,1/2 PTF Bulkhead,345ZMOK77L3IXZPIJ7BRNMCO,FY2YB3NM7A77YAMIESXPPKTF,Tucker,Y
20008,1/2 Plug for PTF,T47ZUR77FC3PKTOYAEOILP4N,GVWXFRQYAU5KILYFWHHZJU2G,Tucker,Y
20008,4in x 10in Sediment Filter,T47ZUR77FC3PKTOYAEOILP4N,EEOAS75VLUDOIR3PY2MJWJTI,Tucker,Y
20008,4in x 10in Sediment Filter,T47ZUR77FC3PKTOYAEOILP4N,CN7WM634BFLEIWSP3ABWJWYE,Tucker,Y
62003,1/2 Plug for PTF,Z7RFPDHQLJYV65L4OP3KWY6M,QUCFSGHDI26ICMJYVLOK6E3J,Tucker,Y
540486,1/2 X 3/8 HEX NIPPLE,LUODJMEFJORQT2UKUHZXQ22O,4FIJYPITFLB7G4QJAFYLF5I5,Manatee,Y
12032-ELBOW,1/2 Y Divider,X6SRSGFSWIXUVFV6CGT4RWCM,KX5LWNIJE4XSTASUNVNR4STQ,Tucker,Y
12032-ELBOW,1/2 femail ptf to 1/2 male ptf elbow,X6SRSGFSWIXUVFV6CGT4RWCM,SYQ5TMN5ZXEOSPAGPFGS43HK,Tucker,Y
12032-ELBOW,1/2 femail ptf to 1/2 male ptf elbow,X6SRSGFSWIXUVFV6CGT4RWCM,XFGPPSJYJYYXHSHOKEROPPNB,Tucker,Y
62007,1/2 Y Divider,BDZF5CU2GTQSGW4PR5J45L26,TNHYAJFCX46FAGSVHNZ2P764,Tucker,Y
20007.5,1/2 cubic foot of Tucker DI resin in Bucket,6BEJDUKQZGUQYM5B44S3ZFGH,IOBZK2PNVVJPXP4K5EQRDH5K,Tucker,Y
20007.5,1/2 cubic foot of Tucker DI resin in Bucket,6BEJDUKQZGUQYM5B44S3ZFGH,AZEGSYQZNWQNPRBGJK2P7OOQ,Tucker,Y
63009,1/2 female x 3/4 female GHT,7SS7AU24NVQXU267VT7KGJYS,SU3APGQ32OZJMI7M5BFBE7G7,Tucker,Y
63009,1/2 female x 3/4 female GHT,7SS7AU24NVQXU267VT7KGJYS,4WJJC2YJGRLD7YGB46J52VGS,Tucker,Y
63009,1/2in  stem x 1/2in ptf metal ELBOW,7SS7AU24NVQXU267VT7KGJYS,3OCHFV72MUCXGSG2K75C666X,Tucker,Y
63010,1/2 female x 3/4 male GHT,TZF4FYXRR5CCFSIFV67CGD45,IGZ2IFFXIYITNAO4QDQSNOMX,Tucker,Y
63010,1/2 female x 3/4 male GHT,TZF4FYXRR5CCFSIFV67CGD45,R6QA7MOGZ6TD23RSELWT3S7X,Tucker,Y
12023,1/2 hp Motor Dual Phase,7VSB6M62N3TSIVUXGWMGBIF2,IPBTG2L3C5O3IDSX7FRMN5LW,Tucker,Y
12023,1/2 hp Motor Dual Phase,7VSB6M62N3TSIVUXGWMGBIF2,XJE3H56WBLYQOKI5CCUOIEQO,Tucker,Y
12023,1/2 hp Motor Dual Phase,7VSB6M62N3TSIVUXGWMGBIF2,G4CNGLI23H7RWDIAVXYAMRUH,Tucker,Y
62002-M,1/2 male thread x 1/2 PTF Metal,Z7EME2J2IUMLOBMSN7QSHOBX,B53IQTQBHCDZ2DLCYUQK77CD,Tucker,Y
62002-M,1/2 male thread x 1/2 PTF Metal,Z7EME2J2IUMLOBMSN7QSHOBX,JF5JDSHYTDMVXATCL7RABR4N,Tucker,Y
62002-M,1/2x1/2x1/2 Stem Union T-Black,Z7EME2J2IUMLOBMSN7QSHOBX,KG2TA62BHYAU54ZYUNC4KOQD,Tucker,Y
62002-P,1/2 male thread x 1/2 PTF Plastic,6ZKTVL5OQUQWUKD2B725RJAM,JWZ5EIKRRUSPFFVO37TZXU2Z,Tucker,Y
62002-P,1/2 male thread x 1/2 PTF Plastic,6ZKTVL5OQUQWUKD2B725RJAM,BMFXPOHYYPWBCAJRV5OV2VJ3,Tucker,Y
62002-P,1/2 male thread x 1/2 PTF Plastic,6ZKTVL5OQUQWUKD2B725RJAM,2DQBNOVNHWL7I6CXADICBVBP,Tucker,Y
63008,1/2 male thread x 3/4 male GHT Brass,MFGJ4LC2P2QXPSKBBTZSAZPT,ISPS57ETMNGVHXTPBKD7YMGK,Tucker,Y
63008,1/2 male thread x 3/4 male GHT Brass,MFGJ4LC2P2QXPSKBBTZSAZPT,BQWTVQKBXEPLD7AUEP7TP6V5,Tucker,Y
63008,"1/4""M x 5/16"" PTF",MFGJ4LC2P2QXPSKBBTZSAZPT,NRNREWO7L4QQ56P2XHE5GO2P,Tucker,Y
62013,1/2 male x 3/8 ptf elbow reducer GAM,3FT7I6CAMA5N65PSWPLC5MX6,RVBXBIUXCSAG27GBGUQUGALC,Tucker,Y
62013,1/2 male x 3/8 ptf elbow reducer GAM,3FT7I6CAMA5N65PSWPLC5MX6,PJ2ABN3LAQC2JH455PN4DJ23,Tucker,Y
62013,"16""  x 2"" Velcro Strip",3FT7I6CAMA5N65PSWPLC5MX6,M65NG3AAJSN4DFIMH3YLTHHN,Tucker,Y
62018,1/2 x 1/2 PTF 90deg Elbow,VHMDQ2JNDFJVIHYL4IW5KHBB,OXAIORGQSN5XQVSSQERNMCBE,Tucker,Y
62005-TH,1/2 x 1/2 Tee w/ 1/4 female thread,T6FBZ5LSNCSGP4ZC7ZR32ESO,E6DQ3K63Q4IT2CB3QVGOF723,Tucker,Y
63018,1/2 x 1/4 Hex Bushing,P4AYNZPT5GBGLMSC2TZZACEH,ZNSGZMSZTHGJ3VHGRVE44ELD,Tucker,Y
62005,1/2 x 3/8 PTF Tee,YXCBFG26WFQC2IF45KYKQJA2,QQDABKXP7L6OIPKHELQ5N5MV,Tucker,Y
24.0065,"1/2"" FPT ss  socket",W5MOCSZHACB5QX77JOKPLTA2,EWQB6WU2PZWGUIKZSBNRRI7D,Manatee,Y
24.0066,"1/2"" MPT ss socket",TIDTLYUJYOSAMI3FVBSHQHV3,M3Q7N5SC5YBNMZZ7DOXPFUEA,Manatee,Y
63045,"1/2"" X 1/2"" Brass RISER",IK24KKPTV3HL43FEHQGV7QWA,ZG7DEVN5B2ONDAIUD25FPYWP,Tucker,Y
63045,1/2? X 1/2? Brass RISER,IK24KKPTV3HL43FEHQGV7QWA,U7KD3MGEW32HZVUVACNAPOUM,Tucker,Y
62051,"1/2"" male NPT x 1/2"" PTF swiveling Elbow",R7LHFTQL2CUGHE6LKNUHHVP5,GGKBOJ7HW6EJOXPGTALQKWM4,Tucker,Y
62051,"1/2"" male NPT x 1/2"" PTF swiveling Elbow",R7LHFTQL2CUGHE6LKNUHHVP5,UNGM3JPZECZSYHXE4AVQRXJW,Tucker,Y
62004,1/2' PTF Tee Fitting,OUPMFQ2E6LW3UNZOO5EGYLCH,GM4RXXCZTEQS2YCHXHOCVDYH,Tucker,Y
62004,1/2' PTF Tee Fitting,OUPMFQ2E6LW3UNZOO5EGYLCH,7LELTK7YHQW3VMI7YZPD6U3J,Tucker,Y
62001,1/2in  stem x 1/2in ptf Plastic ELBOW,GNGAHSCX7SPDCMQZ7LW6B23O,6DS4X5TPV2Z4ZO6YRITSETCX,Tucker,Y
62001,1/2in stem x 1/2in ptf Plastic ELBOW,GNGAHSCX7SPDCMQZ7LW6B23O,HTDGTJCYZXUHUQIGKID24HJY,Tucker,Y
63028,1/2in Brass Threaded Coupling,YOEEYOHSSME5HB66KYOKD7WO,MDOLWQ76ELNAJFHHE4OKIFYH,Tucker,Y
63028,1/2in Brass Threaded Coupling,YOEEYOHSSME5HB66KYOKD7WO,C3UBR5JFID4RTM2CKYJA3INH,Tucker,Y
21010,1/2in O-Ring for RO Membranes,UQLPKFCR74X7HXDBZHTNJ4Y4,L6HQED6P6KFJI6YQP2H3OGY2,Tucker,Y
63031,1/2in Stem x 3/8in Barb 45 deg,DXHRXZQ3JLGJIDDB6LXTTMRC,CLMOGXOOARAXYQQM457UNOIU,Tucker,Y
63031,1/2in Stem x 3/8in Barb 45 deg,DXHRXZQ3JLGJIDDB6LXTTMRC,DI4L3B2HW4IFRHAIWJ2PXHO7,Tucker,Y
62010,1/2in male thread x 1/2in PTF Elbow,YGY7ZJ26YIVDQVEGW7A4CLIN,G7L4ARZXB6VX2OAEJRAGJ7DG,Tucker,Y
62010,1/2in male thread x 1/2in PTF Elbow,YGY7ZJ26YIVDQVEGW7A4CLIN,Z243OVX5MZMFADWYC223RMM5,Tucker,Y
62001-M,1/2in stem x 1/2in ptf metal ELBOW,EAHISPPCHAWLWQCQY2RYBM6V,PFMMJBKB36ADFDYFZZZQ5JWI,Tucker,Y
63029,1/2in x 3/8in Brass Face Bushing,DKLOY7LIPLUX7XDV7ACTYKHW,3A6RQLZ6AKDF6ITHBUI2BVXI,Tucker,Y
63029,1/2in x 3/8in Brass Face Bushing,DKLOY7LIPLUX7XDV7ACTYKHW,ZOVOT64TBHDV2SYGIO3IROJX,Tucker,Y
63013,1/2x1/2x1/2 Stem Union T-Black,NDSUZ2DH2RT5OSSANHXG6DLK,GFACA5DIXDWVB47A7RUL36HE,Tucker,Y
63015,1/2x1/2x1/4 Tube Union Tee-Black,X3GE6F3R56MCPXE6IIJHLXCZ,ORCFRFGRGXRDWN3S5X6ASCXE,Tucker,Y
4257,"4257- 1/4"" MPT Nozzle 0 Degree 60 gpm",Q2RDBKMT7CJ5TFVVEEHVN53X,6YFZ7ZGCQAE3EOUAEMBAKIT7,Parts,Y
3755,"3755- 1/4"" 5 Degree 5.5 nozzle",BLHBSXBDA5UXJLC7WCHLRIRJ,I7R6TYFHVL6GRXYSIJ4N6WFH,Parts,Y
2485,"2485- 1/4"" MPT Nozzle 5 Degree 60 gpm",XIJG7C7P2OWLY4KO6YQVSIBN,4OUFLKL4NGMOIADEIP365YRU,Parts,Y
1151,"1/4"" MEG 1502",E2ON3PRKNYD3CPKXFTHEPVBD,5E4EYDS4WL73T2DO2NDPOVIF,Barens,Y
1687,"1/4"" MEG 15025",WQNHVKZCN4FBA47ZL4JMX3FI,4D5MCGLTDTBB7BKW5F4I3IZH,Barens,Y
1150,"1/4"" MEG 1503",RVMS3OTCIMM56W44SCMUJ2B7,5AYSOHCC4EGKKQOPXXPSDPKJ,Barens,Y
1148,"1/4"" MEG 15035",X25Z3SPFUBY4PZISB2TSBJQK,D6JWDBNPFPUE5KETCVK5WFIQ,Barens,Y
1146,"1/4"" MEG 1504",JGS6LBJB4OZQCLUT2OSUQSWH,LU7AMMZ4YGUTNHVLHDK47TFV,Barens,Y
1145,"1/4"" MEG 15045",75RZRVPTPFRECE5IYGELEEO4,YBJGVD3RGLGKKI2HDQKDPZSK,Barens,Y
1143,"1/4"" MEG 1505",DZT4GZ7M55IU5N6NA5N43Y6W,Q7Z72PDGOQJX335DRRDCPB46,Barens,Y
1142,"1/4"" MEG 15055",DBRZ3W343YFPBK7N43OJLMHZ,UQVFTHCJVORBGWAFV5XD5YMG,Barens,Y
1141,"1/4"" MEG 1506",MSHIHCWLU457WZ2BBEAQLDA4,YQMHCQR6DS4FFWB5ZAKPWSPU,Barens,Y
1768,"1/4"" MEG 2502",URZRJOWL6JD4GLG4OSM3EIEI,MDQ63KI7MCOACAWYHRDN7IQC,Barens,Y
2812,"1/4"" MEG 25025",P72OQOCNGMAP7RTMYWEOQ4N7,AH72XM5ZKFCAG7SH3EDYLKFW,Barens,Y
1769,"1/4"" MEG 2503",2EWYK5EW6J4NGBVQS6GCM5VI,4AGD7JSL2U36PN5NMU2E65PS,Barens,Y
1125,"1/4"" MEG 25035",63FGVJS7VF5SPOLTM6QFSJCR,SLYICQ3MOQXZSWDX2YIGMPVL,Barens,Y
1122,"1/4"" MEG 25045",2QQCFYVZLT2BA66O4FEBKNAX,F52REFSD6BXVEGYMIQ764RSM,Barens,Y
1121,"1/4"" MEG 2505",CXXWXEPDFB6UFVTZPK7GEUD7,DFXHRP2CD26ZJXOW6RW3BTUN,Barens,Y
1119,"1/4"" MEG 25055",FB5UO7IPYWX7NFVLC6M77U3G,42JNGWSLG5AZIKDQESGVODL5,Barens,Y
1118,"1/4"" MEG 2506",2VDOC6PXZEKUPI7NUPIWGGNA,XFSVVP6ES47GMRQHTI4KIFK4,Barens,Y
2735,"2735- 1/4"" MPT Nozzle 25 Degree 60 gpm",NRWLA2DTCEY2MP5UVPPCCWQP,EUUZKNSLRR5V3XZOYGLQDENS,Parts,Y
3235,"1/4"" MEG 4002",TCYMRCAPZT2YQZXICYDGE4GC,EH46D7B3KG747V2VYNPDQTGX,Barens,Y
1770,"1/4"" MEG 4003",YW5THEG2JEBGKLRY6JGHHQ7U,DMRHM2MFVKNJ3YE6JPRT4U25,Barens,Y
1771,"1/4"" MEG 40035",NPAK2NQEFFOTRSIIQK5RXNF2,P3K426GRASIFT7RNNY5RLY23,Barens,Y
1104,"1/4"" MEG 4004",2FBEPVF6ZX5OYG4ZAOXM7LJF,LI2LMXWOYFOQ2JAITKXWBEOA,Barens,Y
1103,"1/4"" MEG 40045",6IDASCGMKAUQ66YQNXRWS3M4,EHEI2KEI7VE3P4SP4XPS6BOS,Barens,Y
1102,"1/4"" MEG 4005",5P26QS7RVWNPFG5L4QTT45YX,4NRCWSY7RSJNJRNI3FDBX6SC,Barens,Y
1100,"1/4"" MEG 40055",BT7QJAFESX2ZCDR4VIWXWWGN,574XFW67O7XIICQZ3CKZMMRW,Barens,Y
1099,"1/4"" MEG 4006",USNTAKCYAOFZ2J4PMOESFZ5G,SU4XFY4SJEVT2YBTCYT3QX2J,Barens,Y
4026,"1/4"" MEG 6503",DNQD6U44AH4TUOQNKHZ2PSJD,7OHD52PSXES5IV2MDZ7XHI4F,Barens,Y
3788,"1/4"" MEG 6504",AFTBPJHUHXNNCLSXE2DPPBGM,RU2X42A3MQVO6LUMNYD57MSV,Barens,Y
3789,"1/4"" MEG 65045",QZPIWPT4EOAQ5EI6NNKTKWNS,522RCRERGJLVR4KBYSABTO25,Barens,Y
3790,"1/4"" MEG 6505",RVNEJZB6VHNTQANAPDADWYLC,WTSWTA7P7TNZNWG6HMOG6NXM,Barens,Y
3791,"1/4"" MEG 65055",3LP3SR4ZPVMYSN6ZB66SSM6X,O3R47UFXARI54BJ5RGAEVBJR,Barens,Y
3792,"1/4"" MEG 6506",FSVMSJOFKHNWPBUGQJL5WH3D,HWA3DMT7RJA2H472NKIHQDNR,Barens,Y
3793,"1/4"" MEG 65065",Y7NIJEZ7EMVBIJY3XNIJSWKD,3VI73SNKZWN3EA5ZJBK3RPYG,Barens,Y
3794,"1/4"" MEG 6507",TIPO3WHNQT4KILOT3XZ6ECSE,TLO5FETESPGPHERQSSBZKQJD,Barens,Y
3795,"1/4"" MEG 6508",A2G6KFTBOFCGMXSHCBERHRUB,OBAV6SPHD6WMVVOLXMKU7I63,Barens,Y
4836,"4836- 1/4"" MPT Nozzle 0 Degree 3.5 gpm 00035",G6IBGE3F6G5AO6OY7SHKCXVV,WMTW2RIHGM664YHVSM5TWQLA,Parts,Y
5841,"5841- 1/4"" MPT Nozzle 25 Degree 2.0 gpm",5L7IEWGGSOKOXSJCSJ7IX4PX,MCAWS7N2AACVDKENXKBR7T6B,Parts,Y
5846,"5846- 1/4"" MPT Nozzle 25 Degree 2.5 gpm",NE5GNDOFIMLXEKSB225HNAJQ,VS7LWWUVILRDBI7QOGUNUTQD,Parts,Y
5656,"5656- 1/4"" MPT Nozzle 25 Degree 3.0 gpm",LMVESVXGP5BLUZ54YZQZU6WT,GSPTVUCXAGONU54LV4T546AC,Parts,Y
5850,"5850- 1/4"" MPT Nozzle 25 Degree 4 gpm",CXRGW27WCVXIOSQ7PQZL3WKK,HUZ5ZNYKM6AGHL22OI4UOZOC,Parts,Y
5851,"5851- 1/4"" MPT Nozzle 25 Degree 4.5 gpm",QCXHVZM7R4CQHLBOYFHZCZ6T,6Z6XXMJLFJDG4VZQYGTVGPS3,Parts,Y
5852,"5852- 1/4"" MPT Nozzle 25 Degree 5 gpm",AKLUQFHWNOBO3UJQEKLPN3GI,PVE7P7W3SC6VHSRFTVCVXXCI,Parts,Y
4898,"4898- 1/4"" MPT Nozzle 25 Degree 5.5 gpm",HXPSXPOSVRTH7RDDIWHYEBXQ,7OBQT5LMUK2VOO76YY7D6QZM,Parts,Y
4911,"4911- 1/4"" MPT Nozzle 25 Degree 6 gpm",2LSHNY7Y7OTNPLOK2EVEOKEA,R4ISUA54I2RRSK6JOBD37DGL,Parts,Y
1820,"1/4"" GP Quick Nozzle 25 Degree",EXPFQTOX5D3IPM3KD7WO3D4P,JGFIN6WEC3ZKXB2IFHOK7KGN,Parts,Y
1825,"1/4"" GP Quick Nozzle 40 Degree",PG7DNNEBAMT5QQ3UVESZMDK7,54Z75ZP6RLU3KNP6UOX6RXJD,Parts,Y
2308,"1/4"" MPT Nozzle 1503",ARVZ2YDSPGZGWJU5PTPA5YJF,6YV5ONT3Q75OO5MVK4WCMNHI,Parts,Y
2309,"1/4"" MPT Nozzle 15035",YIZQZT6SHL4CRSNHY2P437QH,DWEJDC3HFCBCR7I4JQJ4GYTO,Parts,Y
62056,"1/4""M x 5/16"" PTF",3UZEFF3T775IPUI5Z6AO2TT4,UNO7EHWQKZQVSFKDWDAOAPSW,Tucker,Y
SORBO-S1269,"10"" Quicksilver Channel 90 degree w/ end clips",YZLFUVXGC4ELRD3WNYMZYELG,PSY3OLQAVZLFC3URUADYHFV7,Tucker,Y
5715,Cat Pump Model: 1050,MTTEV72RNRIL3QYYXZBKBNQ2,FHT4HO32UZQ7EABV2CMHZSHB,Parts,Y
12015,12 volt waterproof rocker switch,RVUD7FQTKWWQXAP7J6JW7Z7J,QMLA4WXHWUXZDBI5JU3PQL67,Tucker,Y
1351,1351- Delavan Fuel Nozzle Type A Hollow Core 80A 2.50 GPH,EMOVAHRVRULOZ44GDOXRUNBG,UTPIAQ2OUS34MLHGB42SVWLF,Parts,Y
SORBO-S1277,"14"" Quicksilver Channel 40 degree w/ end clips",VUKHCVALBRCCQWBNYB7JJSNC,WI4FTWPHERY2XRTPIIU4U2GH,Tucker,Y
1416,1416- GP Repair Kit #1 Check Valve,QNAQU2YMUUALCUCBSJNTYXMD,F7GFSKEM5FI45SHLVHYEW5AR,Parts,Y
ECO-15-BARE,15' ECO BARE POLE (no tips included),GZA33MOYET3TJYJCIKCKZVAR,RFZBS6OOKPMVEJXAOJXQRTAV,Tucker,Y
T-3/8-150-YL,150 foot Yellow 3/8 Hose with Garden Hose Fittings,E7MAVSDN3VKLQFCIKYFIHA5J,U36WGKTSP2T3CNKUYEBQPXVL,Tucker,Y
1559,1559- 5/16 Plastic Fuel Filter,F4VTLSJKR4ZY6V4JHJYGTNDC,MC4YZOODLZOYAHO6EFDTE567,Parts,Y
6730,"16"" water broom w/o nozzles",PTPTRVCTGB7ZCVMOB4P55JV4,G2KZLLRHJMMYE2JMASQMTCXV,Tools,Y
V16X2,"16"" x 2"" Velcro Strip (Single strip)",3NWNHZSBFGJ2PDS2FVURCLQC,AJBKDFTUSGDQLKEESK6B2KUV,Tucker,Y
1627,1627- 304 Plug - 1/4MPT,YOHUJEXDEUZUMDFBJVGTXZXW,PLLHKRAYWJ4EAIXYKTHZQRBX,Parts,Y
1699,1699- ST-54 Suttner Steel Dual Lance,MR2LZZLM3K5VPCXADGODBUP3,WNTFHYGYQMJSIV3MVV4TUGY3,Parts,Y
6786,"18"" Pistol Grip & Lance w/ Brass Nozzle",LWPVJGQ2BQE3DJGHVMRESDMV,U2EH3MSYJT4CT5R7G5XTTFPD,Tools,Y
SORBO-S1285,"18"" Quicksilver Channel 40 degree w/ end clips",AU75CSSCNDQEO556QU2UDTMT,42NJVATOQAX3LOR3HDCSHJTZ,Tucker,Y
1888,1888- Quick Change Nozzle - 25 Degree - 8GPM,4VARJUUOWKGN2ZMC2OJDQHDH,DUIKGIDRUW4KOPHVVRJGCFCS,Parts,Y
1889,1889- Giant Pressure Relief Valve 2400-3600 PSI 3/8 MPT,GAVPQD4YTDJOEQBHG6BDJBSJ,GYWOSP4JOMJ7CTZQBJA6YILW,Parts,Y
11031-STEEL,1in Square Plastic Plug for Steel Frame,J632H7KHYKZTKFVW6Y44MB5Z,UVSH3QXW5O4ZZT3TXK5VLIRM,Tucker,Y
ECO-40-EXT,2 Piece Ext Kit w/ Sec ECO-6 and ECO-7,RF4RNMYVKCOYYVXRMMTBES6N,6O5MDSJPAFKOIACG3E3VA7RW,Tucker,Y
ECO-40-EXT,2 Piece Ext Kit w/ Sec ECO-6 and ECO-7,RF4RNMYVKCOYYVXRMMTBES6N,GR5DPVQNV4EDG2KMKQM4K2DG,Tucker,Y
ECO-50-EXT,2 Piece Ext Kit w/ Sec ECO-8 and ECO-9,YUZDLGQQ2TIB7H4DE3T6EJPP,TU5BDTBMPDSMEHQ5NSMBXIBW,Tucker,Y
ECO-50-EXT,2 Piece Ext Kit w/ Sec ECO-8 and ECO-9,YUZDLGQQ2TIB7H4DE3T6EJPP,YMXFIKXJDEMCTVW2XXWUGKYP,Tucker,Y
ECO-MINI-EXT,2 Piece Extension for ECO-MINI,RXL2KJC72FHIDC2YRKO65QMY,ZL7HNJWRCEQRFTFDULQIVRDC,Tucker,Y
ECO-MINI-EXT,2 Piece Extension for ECO-MINI,RXL2KJC72FHIDC2YRKO65QMY,XJTSSXCJHTFVCGH2ZKAIZ7X6,Tucker,Y
T-LOCT-UGK,2 piece kit for upgrading to Loct System,75CKMW5R5N43CU2YOWSHZYIN,QNV3CKSOO7AD3IREZC445H3I,Tucker,Y
V10X2,"2""x10"" Velcro Strip",TVICNLPQK2HJV7DHUFPWLYWA,SGFD37YKZ4GZDA6WISXF2KQZ,Tucker,Y
V10X2,"2""x10"" Velcro Strip (Single strip)",TVICNLPQK2HJV7DHUFPWLYWA,6FP4JA4I3RPJSZGWIGXUZOIU,Tucker,Y
2211,2.3mm 5-8 gpm downstream injector,4WPVYDTY3O2WXQ5GTI57WOCC,HGVNMXPECPZFAKDMOMXZZH4O,Barens,Y
20047-CLR,2.5in x 10in CLEAR Housing w/ 1/2in inlets,RDLV7EOFBPXODCIDJMK6KG2T,5GVYD4KEYS3B37HK5PEG35AM,Tucker,Y
20026,2.5in x 10in Carbon Filter,XXU52ZDCLYJDX3KO6KWHR3XM,I75UH5FLPQ74EA3HH4CT6TZN,Tucker,Y
20026,2.5in x 10in Carbon Filter,XXU52ZDCLYJDX3KO6KWHR3XM,QD7OZP6STDLQEC42LILLAY5K,Tucker,Y
20026-CK,2.5in x 10in Carbon Filter / Chloramine Killer,WE5NTNBNJHLSNK5UVKBGMMSH,TQOU4KZQBDGVBRXANT6NZPRC,Tucker,Y
20026-CK,2.5in x 10in Carbon Filter / Chloramine Killer,WE5NTNBNJHLSNK5UVKBGMMSH,26NKNBMUNMLSCM7GB5U6LWAL,Tucker,Y
20025,2.5in x 10in Sediment Filter,7BB2U3GBZRE6YMAUGKJ4TUET,GYBBZLCYUALU2XOCN3R22DYX,Tucker,Y
TUCKER-2-5IN-X-10IN-SEDIMENT-FILTER,2.5in x 10in Sediment Filter,YRH4LBCF7Z2NYBMXWS2CZ6W5,N4AWKEC3JHK4JLWSI25FM2WD,Tucker,Y
20025/26,2.5in x 10in Sediment/Carbon Filter,XKV4SRDQN6KLI55HPKDOCLNB,EERUGXL2QIWYQ62Y6TBWVUXN,Tucker,Y
20025/26,2.5in x 10in Sediment/Carbon Filter,XKV4SRDQN6KLI55HPKDOCLNB,K4RQ32E6IBHS5CM7ETUIVUM7,Tucker,Y
7166,"BE 20"" Whirl-A-Way Surface Cleaner with Casters",KGHRLEPVW5PD5AVQWJOZNRWC,TXX5UE2HLQYF6AE3ZWXKOKIS,Tools,Y
2024,2024- 304 Socket - 1/4FPT,5RKMGDJVUXERIQPNCNOM3NH3,HXYR62A2EOM6T2JYZE5ZMMDC,Parts,Y
2025,2025- 304 Socket - 3/8FPT,KQY3QAKL4UIIWLGBHPQKMWW2,I3HLO6UUOVO5CFF4SAI6CMHL,Parts,Y
2030,2030- In-Line Swivel 1/4 F x 1/4 M,35LSQUJ4BPAYKYXQ3LOBYJ3L,PTW5JWDM4PQ7WPVINEARCJS5,Parts,Y
20051,21in Filter Insert (EMPTY),IX25QWFCTRWB6ENHMIZNFTGP,4252YNPWBEAG5QRGKZFDT7C5,Tucker,Y
20051,21in Filter Insert (EMPTY),IX25QWFCTRWB6ENHMIZNFTGP,XD6ZHJ27XJC34KQM7EOWQAVE,Tucker,Y
20051-RO,21in Max-Flow Reverse Osmosis Membrane,DAQG4AU4HPMH72ROKZIGNORS,NFQ4Q34OX5WRTFAG56BKXJS3,Tucker,Y
20051-RO,DISCONTINUED - 21in Max-Flow Reverse Osmosis Membrane,DAQG4AU4HPMH72ROKZIGNORS,MJYQCU2JUG2O37LHREQBBUDM,Tucker,Y
2311,"2311- 1/4"" MPT Nozzle 25 Degree 3 gpm",YHG5SR4BUTCF66MZRKPBV4KJ,NRPF7KZNZIJ5XOXGVKKEUXKC,Parts,Y
2312,"2312- 1/4"" MPT Nozzle 25 Degree 3.5 gpm",RHCJHGEPPSVEWIKDIEUHSB2G,ME7ZKVAUNHO6H6AEMK746EWH,Parts,Y
2370,2370- 1/8 MPT  25030,IKZ3RT5HIT4NYCEIYM4RKX23,V6V4CMER2IWZBVQ7F2UXXHSV,Parts,Y
2388,2388- Suttner ST-36  Sludge Pump Kit,YWAXP4OT5PTPLUMLNKDLF3XY,U7V5FXBJYKBWCJ6DCXZFKMP3,Parts,Y
7168,"BE 24"" Whirl-A-Way Surface Cleaner with Casters",ZJ4Q3YLEOXYKVUAXA7FKPV6L,IQ7BSVU4R6S4EVAQKA7ZEQ2H,Tools,Y
5447,"24"" Zinc Plated Lance",ZAWNT463NAOOR472YPJCA5RT,SJ4R6VHY2OWJMR2CFFVPJ257,Tools,Y
2450,2450- 1/8 MPT  25020,XUZCY2W5T7I5CKCDUKQ64LOK,2K5R6Y423N7H5XQK4TBZJTBK,Parts,Y
2510,"2510- Steel Hex Nipple Male Pipe Thread 1/4""",DQ7FEKTL4PWEHDU6PYT3LNQ2,HABTFLZEID2XJGCKFJ6OIMSR,Parts,Y
2581,"2583-1/4"" Steel Hex Coupler / Female Pipe Thread",LASCSDRSB67PIZXP4GWMFUH6,FPJJFIB4FOVJ2QVBYUUIHXBT,Parts,Y
6401,6401- Stainless Steel Plug - 1/4FPT,ISYOIAZHFVKUFY2ESX75QWPN,D7E5ZT3LSLAO5K4MIX7SC3OQ,Parts,Y
3682,"28"" Spray Bar 4 tip for big guy",WXXO5Y25CN2SBACGP5KNIZUH,2E7LGPK7XGP4DEYTRFDCPSHU,Parts,Y
2900,2900- 3/8mpt x 1/4,ZERZKBT556KZSOU3LLYHTUTO,U3IDQVHL3QYIMA5NNRIX3XSI,Parts,Y
20025-3,3 pack of filters for hydrocart,RLBGAKNW5NCB3C5HYA26DRYA,67S7AHR3FSVYER3NR537EAUP,Tucker,Y
20025-3,3 pack of filters for hydrocart,RLBGAKNW5NCB3C5HYA26DRYA,LYCJBSPD25GYMURPTME3GHVZ,Tucker,Y
62029,3 way Valve - SmartWash,VRIXEJNXBWRIWIAJM64ETZF7,5R2UM6KWEBHMMZBFFNR3ZO2Y,Tucker,Y
62029,3 way Valve - SmartWash,VRIXEJNXBWRIWIAJM64ETZF7,N4LZOW5LI7WMTYL4JWIJ3ZGD,Tucker,Y
63027,3/4 FNPTx 3/4 FGHT Brass Swivel,NJGBTVYG5YM22W3OBS5ELNVU,4WHCLAPB6CTG2JFEZK5XBJJZ,Tucker,Y
63027,3/4 FNPTx 3/4 FGHT Brass Swivel,NJGBTVYG5YM22W3OBS5ELNVU,6KQ5HOUWQLKAXUWVQ4FLFQRQ,Tucker,Y
3512,3512- Garden Hose Couplings MGH x MPT 3/4 x 3/4,2UOO6ZT7XFRVQUIJN2W2ZSIV,DWKNKC7AOMJ3N3UNIVLDJZJ4,Parts,Y
63024,3/4 x 1/2 Reducer Bushing,VCFFZ6OYZV3DJ3GKQ5MF6JLX,7L7322J4XLSSFSUBWXT4XIZF,Tucker,Y
63024,3/4 x 1/2 Reducer Bushing,VCFFZ6OYZV3DJ3GKQ5MF6JLX,OPYZ2H3B5YUQTVXNZCA4FBPL,Tucker,Y
63026,3/4 x 3/4 MGHT x MPT,TYHFEAHJ6UVQKY6SPKSZ7J5P,YFVP5M65QB4MLIW6M63UOKR5,Tucker,Y
63026,3/4 x 3/4 MGHT x MPT,TYHFEAHJ6UVQKY6SPKSZ7J5P,N4IW52DESS3DAYNKFJN2MDIG,Tucker,Y
63051,"3/4"" Female x 3/4"" Female GHT Swivel",6TIY4UKFJ6SNN6AAGBJ2XE72,UODYJ2CIHD25JWPVMAWDL3MM,Tucker,Y
63052,"3/4"" Female x 3/4"" Male GHT",ZUNQUAUP2SKK36SKUZK2BU2T,V6KPYYDZSS3HIIDHUDXWF6QV,Tucker,Y
63053,"3/4"" x 2"" Nipple",UIV3GT235FLYDBK43SQINDVU,PLQETENRBRMNLUYFS6Y2XAD5,Tucker,Y
63012,3/8 Male x 3/8 Barb,VYXTAKGUNW5CYT5EZUW4W3QN,R4WGMOZNSTOS4Q4KCHJQFMQ4,Tucker,Y
63012,3/8 Male x 3/8 Barb,VYXTAKGUNW5CYT5EZUW4W3QN,XAAFIP6AGPMXLUFPGGLLVGGD,Tucker,Y
62006,3/8 PTF x 1/4 PTF Reducer,LUIT24INFQ6M33PS6ZKB2T37,TFZCAHHKV7H6BSMYYWP66VMA,Tucker,Y
62006,3/8 PTF x 1/4 PTF Reducer,LUIT24INFQ6M33PS6ZKB2T37,C3PUMZRLJOL6STUEJZNM4B6C,Tucker,Y
62024,3/8 Pipe Thread x 1/2 PTF,52DLP67ROUDLBE22AXZZCEWR,CAKPH34CWCVRXBPAZCMSF3SW,Tucker,Y
62024,3/8 Pipe Thread x 1/2 PTF,52DLP67ROUDLBE22AXZZCEWR,4CO3RCN7XNRXTTYCESKORAO2,Tucker,Y
D10126,3/8 Plug x 1/2 MPT Stainless Steel Quick Connect Fitting,VLDBEZALKYVUOVEQQ4OOHCOS,4AV2B7353U7XVG6VVLUHDIPJ,Manatee,Y
T-1935,3/8 Swivel for Tucker Reel,PHOUANMRMJO5M4TAPRFLVFZS,3LJUHVWOJ5JKIATTU7QKXZXX,Tucker,Y
T-1935,3/8 Swivel for Tucker Reel,PHOUANMRMJO5M4TAPRFLVFZS,HGDXEQ46JGINHD4UQ6RAUGJC,Tucker,Y
63001,3/8 barb x 1/2 male thread,NJRQVKOL66ZC2777REWWCMZT,HC7UBOF6PY6JLKIISACRXJGT,Tucker,Y
63001,3/8 barb x 1/2 male thread,NJRQVKOL66ZC2777REWWCMZT,PPXMFLPE2PAO23W4ETKMPEJJ,Tucker,Y
63002,3/8 barb x 1/4 male thread,UBS7TEWFTGLYJ3ZEMZJVTJFB,HMPSNEVPEM2G2RNAJGU4WNSA,Tucker,Y
63002,3/8 barb x 1/4 male thread,UBS7TEWFTGLYJ3ZEMZJVTJFB,OK6NAALHDLUSBJN5G32WXF26,Tucker,Y
63004,3/8 barb x 3/4 female GHT,IROL5DA6MUYB6VWHY74SWOJ2,FN4QEG63MKOKCH76ZGXAUFOK,Tucker,Y
63004,3/8 barb x 3/4 female GHT,IROL5DA6MUYB6VWHY74SWOJ2,QUQI6C3PA2TBJJPAK4BRVKTU,Tucker,Y
63003,3/8 barb x 3/4 male GHT,MOV2N5TJCHICMJLS6E3HRH63,E3Y7IOQKKP66J7TJAFLOWD3O,Tucker,Y
63003,3/8 barb x 3/4 male GHT,MOV2N5TJCHICMJLS6E3HRH63,IQOTLDTFIOS4CVOGPE7PJQI4,Tucker,Y
63011,3/8 x 1/2 PTF GAM,UNQEBLII7WDFRWPYKMDDLFAC,3FYB3GBSGIV6M3VQUGQFDPRT,Tucker,Y
63011,3/8 x 1/2 PTF GAM,UNQEBLII7WDFRWPYKMDDLFAC,BU3UDAQOJCQR64Q6QY24KEHJ,Tucker,Y
6754,"3/8"" F x3/8"" M Stainless Steel Swivel",6CI3LWTUZA62Z4O6CGH6PQQB,SMLPGMUTLZSIIUMSTLVEQMMZ,Parts,Y
2579,"3/8"" x 1/4"" MPT Steel Adapter",TOG2CMTDO7XU5YM6VLQXKGSA,AXUREJMIQIJJHJBZV7GMQTIL,Parts,Y
6977,"3/8"" x 100' w/QC",SYUF5QLDK6I32PVSSZBSDYKW,XG72KDWIYJSZHDU2LDTI7PNA,Tools,Y
63030,3/8in Close Nipple,BFXKVO7LMX4GYR3PH7ZPO2PE,LRECTTGY3VATLJPQFFYKUPTR,Tucker,Y
63030,3/8in Close Nipple,BFXKVO7LMX4GYR3PH7ZPO2PE,43RN63THKKQGIZKI53TCTUVM,Tucker,Y
20054-30-SS,"30"" Stainless Steel Housing",CSUTL2N7YYTWGSNSLVY3DWSL,JWXBEJQOBA3LPJXR5SNCMMLT,Tucker,Y
20054-30-SS,"30"" Stainless Steel Housing",CSUTL2N7YYTWGSNSLVY3DWSL,YLHNJ34ZMKLQSXJRICCE3BGK,Tucker,Y
ECO-30-BARE,30' ECO BARE POLE (no tips included),XDAVNEEBAXRCTS37DQF3J2ZZ,ID3UCPYHRKRARI4ESWM46TQN,Tucker,Y
T-3/8-300-YL,300 foot Yellow 3/8 Hose with Garden Hose Fittings,M5D47LVPIPIB5QHZPSOK4QOV,6N5KF2IO7UJKTJI3KSKZTGRV,Tucker,Y
5747,"5747- Hex Bushing 1/2"" MPT x 1/4"" FPT",3PHUJUYR2NBKKGZQ5NNP7PIQ,FPWY673OGJIN3RN2T5OIZYPL,Parts,Y
5788,"5788- Hex Bushing 3/4"" MPT x 1/4"" FPT",ZITGHAVLHFWRSJMVH56RP2RT,DT5LHSH4E3MWHRBOGAGCMW55,Parts,Y
5750,"5750- Hex Bushing 3/4"" MPT x 1/2"" FPT",MLKEOJLXMZI7FF7WMFMZTID4,KXMJ25OHE2PQ4PFYZNYYFHYQ,Parts,Y
5748,"5748- Hex Bushing 3/4"" MPT x 3/8"" FPT",YZE4AXFINNEVLHUQ22AM4JPI,7BR2DDVTQHAWMIFOPSA5OY2L,Parts,Y
5203,"5203- Hex Bushing 3/8"" MPT x 1/4"" FPT",CFUPHJX76WR3IAIFF47ISGDB,VXRNNNKRN56R23KW75KPHVRZ,Parts,Y
5200,5200- Hex Nipple 1/4 MPT,RCKJ6PL2OOWVECQZOTM43ERS,SWCHTACERFYLY7OU77O7JUTT,Parts,Y
5221,"5221- 1/4"" x 1.5"" MPT X MPT Nipple",VSHIY5QPXEQBRU6BSHDE3ANL,S2HUUJIABUM4JZDV42GMJ2KP,Parts,Y
5771,"5771- 1/4"" x 2.5"" MPT X MPT Nipple",IQXX25IBNCNONBJ57Q4LUISC,LRZXOEQOCSE2YZUH2M2KLABE,Parts,Y
20066-C,30in Carbon Filter Insert,QJGXFZOH35QPEVPFRZHETWJG,WIIBY6XQI2BM2QROHZWS2L64,Tucker,Y
20066-C,30in Carbon Filter Insert,QJGXFZOH35QPEVPFRZHETWJG,NZX3CCUNNVNUBHXW33HJ6TFQ,Tucker,Y
20066,30in Filter Insert (EMPTY),K3YRK2UZEG6XSQWIVXKC3TV6,2BUKLOHMKZHARTP7WOOZC3XY,Tucker,Y
20066,30in Filter Insert (EMPTY),K3YRK2UZEG6XSQWIVXKC3TV6,AASIJ5NTPTNLMBCGNGLZGANL,Tucker,Y
20066-RO,30in Max-Flow Custom RO Membrane,H4S47ETF2SMTD4ZS37FHQ45H,QZ6EBZQZAK6IJYE7W75RRURU,Tucker,Y
20066-RO,30in Max-Flow Custom RO Membrane,H4S47ETF2SMTD4ZS37FHQ45H,3L6XIIPD2LXIJDXNNVFWSANQ,Tucker,Y
3352,"3352- Steel Allen Head Plug 1/4"" MPT",HEVSEV2KJVE6JCWXSK6GZQPG,VJVPCD4CFUZPZSZ3B24VUSMP,Parts,Y
3469,3469- handle,4OTKKLSCBBW6BNV7UWFZ2WQI,TGEGZ5G4RFL33JIDA4Y5IOLY,Parts,Y
3592,"3592- Whisper Wash 24"" Spray Bar 4 tip - Ground Force",CMJLBGWXOA4EP7BYUTNWNSQ3,H6UHAD5IK4BSJY6UZRVU4FFF,Parts,Y
1401,"36"" Zinc Plated Lance",Z4G4CEWFXNBRMFJPGM6VJCRF,LGIS7XNXFKN3XYKK6W4MRAUJ,Tools,Y
3773,3773- 20mm packing w/ reststop ring,QBJO7TNDIDGVYHVGYAG4HQIP,N6HPI3M5VQOILQPHNHGO5RAL,Parts,Y
T-SOLAR-4060,4 Stage 4060 Kit for Solar Panel Cleaning,IQVWMBORLFIJ5XJW2QKIFVM7,YRZNQLURYFJVAWPBHBCDOYZR,Tucker,Y
T-SOLAR-4060,4 Stage 4060 Kit for Solar Panel Cleaning,IQVWMBORLFIJ5XJW2QKIFVM7,4JPQCT6HRH7PGRVYHDMNQH3X,Tucker,Y
T-CART-UGK,4 Stage Cart Upgrade Kits,7NBWCCTJXA7PMIGFFDYXKQ4X,VR5FTVOOKFQJUSLDJK76TIGY,Tucker,Y
T-CART-UGK,4 Stage Cart Upgrade Kits,7NBWCCTJXA7PMIGFFDYXKQ4X,NMBSEWUUL5PN3OAB34O4WQYY,Tucker,Y
T-SOLAR-RIVAL,4 Stage Rival Kit for Solar Panel Cleaning,DBKTRWWYDFY3BS5PSM377CIF,BIOLX34ZZV6635XKJ7AP6VG7,Tucker,Y
T-SOLAR-RIVAL,4 Stage Rival Kit for Solar Panel Cleaning,DBKTRWWYDFY3BS5PSM377CIF,LJINFSNN6IHJOZZ24CRPOBOE,Tucker,Y
20027,4 x 10in DI Cartridge Blue/White,NQD4CCDPVYZ36INQ4QMILIHA,SVKYR2Q4UMTP5O5ANE7DLLF2,Tucker,Y
20027,4 x 10in DI Cartridge..Blue/White,NQD4CCDPVYZ36INQ4QMILIHA,MP3KAVBTO2A6WPCMOVZNWHQT,Tucker,Y
TUCKER-4-X-20IN-DI-CARTRIDGE-FULL-BLUE,4 x 20in DI Cartridge Full Blue/White,BFRFWLCIR7HBLKRES6LJQTNJ,BL7EMUP2V3FTK774WWTTMS5X,Tucker,Y
20015,4 x 20in DI Cartridge Full..Blue/White,OZIWAI46JXHDSZZM6JW5UGRK,SDXC66K4ZHSI5X5Y3UFMXBTY,Tucker,Y
20054-40-SS,"40"" Stainless Steel Housing",GDOFHO56Q2KU75WYWEPKD6W4,NIQNQOFHWS2KSU5ZAL6G77YM,Tucker,Y
20054-40-SS,"40"" Stainless Steel Housing",GDOFHO56Q2KU75WYWEPKD6W4,5KOHBAHKLJNBCUARC6ZB5ICJ,Tucker,Y
ECO-40-BARE,40' ECO BARE POLE (no tips included),YAFVV5YF77OWTQXE2ZDKTEJN,QH2XATKWUJYTTBMURIR464OE,Tucker,Y
6874,"Black Neptune 25' Pressure Hose 3/8""",6ANMMEKUYV6WSXZWPZTSTYT7,K7HVHFIZGQP4I3RZKLZJFKD3,Barens,Y
5893,5893- 4000 PSI Whip Line Connector,LPZQB5C4FNPXK5LFSSR3ZKGU,OZE2TBQ2HOOBVHYBUJASYHXK,Parts,Y
5894,"5894- 4000 PSI Whip Line 3/8"" x 4'",RSZ7UG23HIAV7NLITDT4JNEG,N37HRM7UBPKUCIE6HQVTYPU5,Parts,Y
5907,"5907- 4000 PSI Whip Line 3/8"" x 5'",2KARUNA3RPXL5SPICTEJERAX,5Z5T7MPCLHG3TQGKLG657UMH,Parts,Y
5362,"5362- 4000 PSI Whip Line 3/8"" x 6'",GC5TR6S3KIFB2BZR2HNPY5IK,YLT5PEBR4MHKAWOQ33NNGXTN,Parts,Y
20013-C,40in Carbon Insert,ZAO22YRNQFPLYMZEPMK6UHIP,4NRBJABNHII4IGXJOWZRHKAF,Tucker,Y
20013-C,40in Carbon Insert,ZAO22YRNQFPLYMZEPMK6UHIP,KYIFBG2YUAGYVXD6SMFPJ5M7,Tucker,Y
20013,40in Cartridge EMPTY,B5NBLO2ZEYDKFJKHFPOQCO3Q,LNFAGWDL5ELOHM4IALJZVENC,Tucker,Y
20013,40in Cartridge EMPTY,B5NBLO2ZEYDKFJKHFPOQCO3Q,XG55XXLEYLDKVJM7HPZZPH2B,Tucker,Y
20013-D,40in DI Cartridge,EFH3H2ST7HIS5C2NX2SLWQ6F,BURN4DA2DC2XF5Z2IRJBNNPB,Tucker,Y
20013-D,40in DI Cartridge,EFH3H2ST7HIS5C2NX2SLWQ6F,GBRQE464DOV2EOUGEGFQJVEP,Tucker,Y
4157,4157- Quick Change Nozzle - 40 Degree - 8GPM,OR3IMIL7GD7O4OLLV4OUPVLE,5XVLCI6XGGCAVQBALR26BRP6,Parts,Y
5344,5344- Cox 439 Reel Swivel,AXOBV5DGTJ76OMDH6J2GICTZ,ABGUOFXLXCZZCUKEYRBASX33,Parts,Y
4521,"4521- Steel Adapter  1/4"" x 1/8""",NIMMURBPQZ5MHAFZUPVFIJH2,3FL5RMMTSAIJGG646NTKNMTJ,Parts,Y
4580,4580- Super Swivel Repair Kit - 3/8 & 1/2,6LGYHPWRPPBDS2HJ7LQS55LA,VAHRZP4YSQXSH7UXVCIO77IS,Parts,Y
4602,4602- 304 Plug - 1/4FPT,DFZWV2TMUBDPMBGE23G6PEVK,4WEHQSA742QKQYYYGTDNC2A7,Parts,Y
4617,4617- Brass Soap Nozzle 6540 1/4MPT GP,AQWRWMJTHVJ5BDHIDDYEQGWF,HL62LPKZFDNUZQM3BKFNAMZT,Parts,Y
4629,4629- 304 Socket- 1/4MPT,DQAZY3V3O2EM4YKU4UGZCANW,OQCRJMCJXUVOK3MO5LBS6JQD,Parts,Y
4630,4630- 304 Socket 3/8 FPT,CXKOB2HOAEVT7X7QNFATSCNF,PULUJBA6LD42FVPARINQZ5VT,Parts,Y
4641,4641- ST457 Turbo Nozzle - 6000 PSI / 212 Degree F. Max 8GPM,67PYEV4ZA7LYUBAGY6LLF4L7,DZH36JYMOFUC6VM3DKYN5VKC,Parts,Y
4792,4792- WW312 Seal Kit,OE44D357G3XB4XZNREPAGLLC,UJ6TFY7A7GTH3IPJR656YVV4,Parts,Y
1402,"48"" Zinc Plated Lance",WRL4JAV5334LPJ7OSBZ2B273,Q2XLHAOTR76GKU522DFUKYHK,Tools,Y
4959,4959- 304 Plug - 3/8FPT,TNSFG3DLDMYFP662PV4QNCLX,MXYF2DEBYZK5EXNFEQVOSYVB,Parts,Y
4960,4960- 304 Plug - 3/8MPT,RV3SISK23SJJP2RK2HX7QXC7,NV5M6A54TXEKCIIVDGBDDAEO,Parts,Y
21009,4in Brine Seal,QLMR3UL465WPZPBHU5QHYAH4,TG5WJND7POD6M23OTDYCRAGX,Tucker,Y
21009,4in Brine Seal,QLMR3UL465WPZPBHU5QHYAH4,B3JCGIMNJIUMAIG3DILUUESN,Tucker,Y
20036,4in Filter Wrench,QLOSGMGDE4ALD7GHYNX2PTOD,NT4SN4TNWBO63Q7FFMGAEJ3D,Tucker,Y
20036,4in Filter Wrench,QLOSGMGDE4ALD7GHYNX2PTOD,OWL5R6GNYXANW6JPCE2PAWYI,Tucker,Y
20009,4in x 10in Carbon Filter,Q7LI542DFR4S45SBCLGW6DMG,UYPW77FS4T7HPGZ43YFN2LRX,Tucker,Y
20009,4in x 10in Carbon Filter,Q7LI542DFR4S45SBCLGW6DMG,EDTBG27XTIBJXEMH2Q4HUJ75,Tucker,Y
20040,4in x 10in Grey Housing 3/4 FNPT,ST5I6N6R6AHRZ3RQRGZ2SEAX,RJ7CFFCXR4OHHFMDTM5SHLZJ,Tucker,Y
20040,4in x 10in Grey Housing 3/4 FNPT,ST5I6N6R6AHRZ3RQRGZ2SEAX,CWRWIZ42S6CZFW6MSDIH3ENO,Tucker,Y
20041,4in x 20in Housing Grey 3/4 FNPT,HXE7VXNBLMFHPHXVCWD4DVZH,77FBXLEDP6T7C26LCNR2QCMN,Tucker,Y
20041,4in x 20in Housing Grey 3/4 FNPT,HXE7VXNBLMFHPHXVCWD4DVZH,66RCBGDCZOHH4CQR3DJXRKIP,Tucker,Y
20014,4in x 20in Refillable Cartridge Empty Blue/White,U7GZUUQJCV2AN3GWTKI6UFJK,6Z25UYTNCKRTF5UTFAPX2KXH,Tucker,Y
20014,4in x 20in Refillable Cartridge Empty..Blue/White,U7GZUUQJCV2AN3GWTKI6UFJK,UU7NPFWASYLVZMHWTBH3J56Q,Tucker,Y
20029,4in x10in Re-Fillable Empty Blue/White,N6X5ASW5EAV7ZMVYSNPU4RB2,E4JTBRDZO7NOIT3N525EJXGD,Tucker,Y
20029,4in x10in Re-Fillable Empty..Blue/White,N6X5ASW5EAV7ZMVYSNPU4RB2,NNOWKCLOJ3B4Q3KYODBRQKC6,Tucker,Y
20051-C,4x21 Carbon Cartridge,FEORRSNI7PTQVZLJZHX32U4V,YAPZYRR7WFTAPVUM3F4G5YF2,Tucker,Y
20051-C,4x21 Carbon Cartridge,FEORRSNI7PTQVZLJZHX32U4V,NQGJI7ORQKV2FNXQOGOBGSLW,Tucker,Y
20051-D,4x21 DI Cartridge,O22KQJ7NUKKDBIOMP5TWOVRL,SPWHGCX33ZTV2GPEYF7PWL2Q,Tucker,Y
20051-D,4x21 DI Cartridge,O22KQJ7NUKKDBIOMP5TWOVRL,HLOHVPTO7E7WGLUMFT6XKMW4,Tucker,Y
T-3/8-5-RD,5 Foot RED bypass 3/8 Hose with Garden Hose Fittings,5EA4M7TT2P7K6NQA6ESYY5ZE,C5QRFBFB5BRYJHPHUWRNTPBD,Tucker,Y
60007-5,5 Way 5/16 Push to Fit Divider (brush),PXWDWYO6KZO37ORJIZ573NPW,GG6JVC5W3VC7T7NVUNUHE265,Tucker,Y
60007-5,"5/16"" 5-Way PTF Divider",PXWDWYO6KZO37ORJIZ573NPW,YE7Y4U5YVEACIAMUDR2DY5SK,Uncategorized,Y
40018-5PK,"5 pack of walnut pads 6 x 9""",FEI7VTGNVGIWWKJZWUJOV3JA,7DJSXVLR2QPLTK7P7HO7LBRJ,Tucker,Y
40018-5PK,"5 pack of walnut pads 6 x 9""",FEI7VTGNVGIWWKJZWUJOV3JA,MS37IIUPVOIRHBPZQ65EED5Z,Tucker,Y
T-SOLAR-MO,5-Stage Max Output Kit For Solar Panel Cleaning,U46ODBLPHNF2Y565PIPIBM6Q,XGXHXFHJ77D54PCQPOYTWIVI,Tucker,Y
60007,5/16 Push to Fit Divider (brush),KPZE7PUCSHJLYZC4J53GRHJY,GWKD7TYIXTLZZCIFEGCWT25D,Tucker,Y
60007,5/16 Push to Fit Divider (brush),KPZE7PUCSHJLYZC4J53GRHJY,QGUO4KH7HZFZQ7ETW4TIJBHB,Tucker,Y
60006,5/16 Push to Fit Wye(brush),O6FVUK3E2IKOGOAKR37EKWI6,STEVZXEZUL6FEMEEH7QIWB5G,Tucker,Y
60006,5/16 Push to Fit Wye(brush),O6FVUK3E2IKOGOAKR37EKWI6,A2KUB4AT6PAURQCSI7KFBCO7,Tucker,Y
63014,5/16 union,QYG4U22FQIX6I2CTWUGQVGBJ,TTP7H5VTYEUPJTJQ3VU4N3RB,Tucker,Y
63014,5/16 union,QYG4U22FQIX6I2CTWUGQVGBJ,4ECWRHXBJ3N2OJEBU4HTSXAD,Tucker,Y
"5/16""-OD-TUCKER®-POLE-HOSE","5/16"" OD Tucker® Pole Hose",YS5I4WEH4ZWVDIE72D5TQOGQ,JECTTHSYKBQDOBYH2QMZER2P,Tucker,Y
T-50-DEL-DU,50 Gallon Delivery System Dual User,3KNMHLZ645ZGOMZPVQFAGDUH,4BRTGYKDZL7UHH6ATJBM5JGJ,Tucker,Y
T-50-DEL-SU,50 Gallon Delivery System Single User,JVAXCYV6UIHE7X2NWPLLPMAH,YKCLQBPVIO3CN5ZUUCABV45C,Tucker,Y
TANK,50 gallon Tank,PGRVSGKOJ7HJQAJBIZVM4QID,VWJRM4OJQSHOFYUBSIJKPO7Q,Tucker,Y
T-50HM-BARE,50' HM BARE POLE (no tips included),DI4GB62XEFVSAIMUW6IEI5WY,QEO5NTG2FCRIRVSXQNY7NRGD,Tucker,Y
5011,5011- Quick Change Nozzle - 15 Degree - 8GPM,MWXWFNSRMBVOKAZCUTAJSLQD,GX6KUYBJUBH4O2SJJM3IRBXH,Parts,Y
5030,5030- 3/8 x 45 Degree FPT,Y732IZNBWTQOEGUOD4VMTWUN,SO3HQ5U3NQ6SKD54FOHWMHMJ,Parts,Y
5268,"5268- 1/4"" MPT Nozzle 25 Degree 2 gpm",VIFA26NJ7ELGGHNCEMU7B6TX,UKHZVVPF57G3JU2FFOLURPZP,Parts,Y
5331,"5331- Whisper Wash 19"" Spray Bar 2 tip - Classic",BPV2CBRLNZY4S6YGPFWCPGR3,FNWDOKPRHOAFNIMYUO3IW4XH,Parts,Y
5337,5337- WW312 Series 3 Swivel,PHK76L7ZREZ3BJBLFNPKONJP,T5L4ILU7PHG5JWAFKRNMLTRD,Parts,Y
5338,5338- Rebuild Kit for WW312 Swivel,TG75HDYKOQ6C4ONCZQ6F5ADJ,UC6ICUJW5ZUS2VYRNFF4BG7W,Parts,Y
T-55-KIT,55' pole kit,QVM66LK4YE66VOXKQLKDCSSW,JWBTE3T6F4KWN2BKSCTXH44X,Tucker,Y
T-55-KIT,55' pole kit,QVM66LK4YE66VOXKQLKDCSSW,EWBVNY2Z3KFHE7USU4EKQ4EF,Tucker,Y
6168,6168- Mosmatic 3/8FPT x 3/8MPT DYC Swivel 55.153,PP5MIPCRTAMGK77SZDCH26AF,LPY6PI4IGYAON5NCHPQIKCU7,Parts,Y
6382,6382- Mosmatic DYC Swivel,YTXNFPR2RLSXGUTY3HOJCAVV,5XDYTWDREE5F63YF53ZYZUL3,Parts,Y
6612,6612- Mosmatic Swivel Conversion Kit,XEMA5LQ573OUVQWPCITMEANL,427DOUCWY2CX4QF355ESXANV,Parts,Y
6922,6922- Mosmatic DYF Swivel,G5M6PSGUWS7OKGGLMZPH3NSL,JKENU3GGKWEGSSNVXGDWXFWO,Parts,Y
5844,5844- Garden Hose Coupling - MGH x MGH  3/4 x 3/4,JGL5HIN255FVD3T4RZEBC3VS,TA4LUKADKZPQHBJR4BIKSJTD,Parts,Y
5871,5871- GP Pressure Relief Valve 1000-60000 PSI 3/8 MPT,HAZQFU7HBYP3MWNIRVWVSI3Y,HX3TRL26ZXJSVHPWFFHDQDF5,Parts,Y
5979,"5979- Cox 439-1 Swivel Repair Kit (1/2"")",N7YLJOJWRBMRMAF5PT5PPLZR,MNIJSPGMQ5KJQOTSQO5YBIVL,Parts,Y
40018,"6 x 9"" walnut pad",HKDMZHGNFOHAZBNAYAS4OB2P,ATNXJPFYKIRPIRV3YUOLK3DC,Tucker,Y
TUCKER-6-X-9-WALNUT-PAD,"6 x 9"" walnut pad",SRZ7EGPBJ37CLE3OCYHMNLRJ,GNTSVXBHJHI2K6OFFENBXK25,Tucker,Y
SORBO-S1261,"6"" Quicksilver Channel 90 degree w/ end clips",DY7NMVJMWJFROU7MOANUAKPH,HTSJ5RGSOMKUOTFQPA2OKFBY,Tucker,Y
T-60-KIT,60' pole kit,RR526GYJIPJAFQNBGDRYXK3A,FI75MUYUQIR5PTXLPXEGG5SB,Tucker,Y
T-60-KIT,60' pole kit,RR526GYJIPJAFQNBGDRYXK3A,4BZA66BHDWEOWP542HJJMMKL,Tucker,Y
6156,6156- MecLine Adjustable chemical injector 2.3mm 5-8 GPM,LZIK6RFLRCONPHP6JJNK4NKP,5W3M6ZRSXVI2BIRVHDEFF7UW,Parts,Y
6244,6244- In- Line Swivel 3/8 F x 3/8 M,RIHI33WCI6S6N6YKG5QRUNSO,ZZGVOZ5DN6D45KO3IEZ4DJ66,Parts,Y
6456,6456- ST456 Turbo Nozzle 4.0 gpm,BIEPXGXIAEXBOTVL6GZJ4W7R,AWJWN4LE5UPA7LPBXKVRN5AL,Parts,Y
6467,6467- ST456 Turbo Nozzle 5.5gpm,4GEPLVVLCI7PC3RIAEP76L6M,CSZRV7GIJLSXVEBRSM5MEKDF,Parts,Y
6494,"6494- Mosmatic Turbo Rotor Arms 18""",ZZ6P6ER3MW737AON7RCXT3FX,FSGGRQG5F67H3EM2URZBJ6GR,Parts,Y
T-65-KIT,65' pole kit,LEDVB74MGWOBU4LBRX27ZE5O,6ITAAE3GF6TGW7KF5AFE7H3E,Tucker,Y
T-65-KIT,65' pole kit,LEDVB74MGWOBU4LBRX27ZE5O,QH7HPNHKBFLPMKPWFELOPCOV,Tucker,Y
6626,6626- Super Swivel 90 Deg  1/2 FPT x 3/8 FPT 5000psi 400d  Deg F. Max,2TN7MIO6BZTEFNF6EIIOOPWL,SZRRMUXARMLKPOMM7C3RTNIY,Parts,Y
6711,6711- Viton QC 3/8 O-Ring 25ct,LHHFKCQYXA3HP34N6FWQ7FOH,DN6O52QZTYEYGZHI635ZXB2S,Parts,Y
T-70-KIT,70' pole kit,2TTWBBY5TS4UUWJE4RGAWQWS,ELMEDQ2777WJJJ7IMAWKSNYB,Tucker,Y
T-70-KIT,70' pole kit,2TTWBBY5TS4UUWJE4RGAWQWS,M2Y55MJPSBUCQOSW4PNYPB4H,Tucker,Y
5398,Acid Injector 2-3gpm,3JAC7SGMUXLY5Z2VSE2X2LJU,GCR7URDDFS7H6557SBGMUBQY,Tools,Y
5421,Acid Injector 3-5 gpm,HPXFZ6QMWNW2NLDF5IGDGQHL,3GIQVZAKDCYOND5MWZT5QDO5,Tools,Y
5478,Acid Injector 5-8 gpm,2LSNF2TQSWAQ4WMDGNQB6KTQ,KNNJI7UFULCGC5FDG2NSMKJD,Tools,Y
T-GN-V1,Adjustable Tucker Gooseneck,G3OCWX7P7WTIBPDFYP3WHYVQ,JXXNOE46IJFAVDWYAISZEHNG,Tucker,Y
T-GN-V1,Adjustable Tucker Gooseneck,G3OCWX7P7WTIBPDFYP3WHYVQ,RVQPKCOD7BO25H4XMP6E4IPU,Tucker,Y
T-GN-V2,Adjustable Tucker Gooseneck w/ Quick Release for #1 Clamp,LLNKUIUNIGQJ2TWL744FGPDN,X4VBHWHXLSJTXNT54QFN2HVO,Tucker,Y
T-GN-V2,Adjustable Tucker Gooseneck w/ Quick Release for #1 Clamp,LLNKUIUNIGQJ2TWL744FGPDN,PQIHCQPX2CBQYZVHZCUDGPDT,Tucker,Y
ALPHA-SCRUBBER-PADS-│-10-PACK-REPLACEMENTS,Alpha Scrubber Pads │ 10 Pack Replacements,RAS4KESOSVEFY3AJI4JLSB24,V5IHVEX5M75IPJHTCYWV6FR3,Tucker,Y
T-ACME-TIP-ALUMINUM,Aluminum Acme Tip for #1 Clamp,2QLRM7XEPYE6IOWV4GC7ESWD,4TIRQMWOIGSYKSH6JRAXV2BO,Tucker,Y
T-ACME-TIP-ALUMINUM,Aluminum Acme Tip for #1 Clamp,2QLRM7XEPYE6IOWV4GC7ESWD,34YOZRNE65VBF75Z4VS2B3KI,Tucker,Y
T-50-AUX,Auxiliary 50 Gallon Tucker Tank,V6YZ37I2WU5X52LGPKC44SMA,TFFMFHDD3IH6IGAMZWD3GSLV,Tucker,Y
T-50-AUX,Auxiliary 50 Gallon Tucker Tank,V6YZ37I2WU5X52LGPKC44SMA,IH4ELXG4RGUSYQLEXVCM5PSE,Tucker,Y
B4213HACS,B4213HACS,G333WAWBXVRWBC3FYHQ52ZU2,UDOULLY5SXLPLFV7SU7NJI5A,BE,Y
99012V,Hot Box vertical 99012V,37NIQPLCCVMYVBWBIUPDWZVZ,6HDP7IR55KNIMCBZJJKA2RWM,Uncategorized,Y
T-TW-BNDL,BOAB / Pouch Bundle,J3OAKWPE5QOONNKU37SQK33K,A52M4OX5MGKVIJIGTCLXESUN,Tucker,Y
6791,Nozzle opener tool,BK7CIYCP3SI47WHXOM4W7CKE,4AS3OYROJCS2A2MKVK7CRHLE,Barens,Y
71140,"Ettore Backflip Window Squeegee, 14 inch, Gold",MGDHARVPUIVAMA54KOSQF5GY,R4LNOSZFPJST2QRNYZQ3FDT5,J. Racenstein,Y
T-CLAMPBARREL,Barrel only for aluminum clamp body,HKSJ36Q4ILKI74T3RWENP6H5,5D5N6UEMH54P5U3VYYZAQ4IG,Tucker,Y
12013,Battery Hold-Down,SFJWJPBPOVMXLIPL5R6GPX3W,TGNY6WF5LXEU36YHDQEPWQJE,Tucker,Y
12013,Battery Hold-Down,SFJWJPBPOVMXLIPL5R6GPX3W,ZU6FNDEQ2PYMDG2HDZ7XOFOY,Tucker,Y
HF-SS-BG,"Whisper Wash Big Guy Spray bar 28""",BC7BPNVTO65S3H4TANMMHUDN,OT2HZNSE7PWIDU5N36ECVEV3,Manatee,Y
12032BOOST,Boost Pump w/ ELBOWS,AHM4K5ZOTGAUL7C6PYDT5D7V,JN72NCGRJKSGOPHABRE2YFMX,Tucker,Y
RHG-P0106,Bracket - SED/CAR,WDEJKUMHLIRDD3MH73VMHBDA,52YSSTML5KCVVQPZ2ZS2QKVS,Tucker,Y
T-VALVE-BRACKET,Bracket for Bypass Valve,TIG34QRMQPCAKVWI5RFRWAFP,VHHMGB5HTDBJVEW4UG24VMTJ,Tucker,Y
T-VALVE-BRACKET,Bracket for Bypass Valve,TIG34QRMQPCAKVWI5RFRWAFP,NIRPCUCJ22S2TNAMN7NYEX3T,Tucker,Y
BRACKET-WIDECLAMP,Bracket for Saddle Clamp,RPF3J4OFTWIWW6CZ5AVZ2XAR,HCQQB7VRTWAGYUL3QHZVLM3R,Tucker,Y
T-GHS-BRASS,Brass Garden Hose Splitter,P73DKH22GHHPD3ENCDFKNYNK,374MFF2C44RFAWJA6FLBSQK2,Tucker,Y
T-GHS-BRASS,Brass Garden Hose Splitter,P73DKH22GHHPD3ENCDFKNYNK,QYDNOVLQCVWMKVROYJINXPI3,Tucker,Y
T-9/10BR-CF,Butt Ring for Tucker CF Pole-Fits Sec 9 and 10,36RVSL7M67CRAZYCFTQGBKDA,GZUHFVDF3QLTZNYDIR36WA4Q,Tucker,Y
T-9/10BR-CF,Butt Ring for Tucker CF Pole-Fits Sec 9 and 10,36RVSL7M67CRAZYCFTQGBKDA,KA43PX26XN72YLQPX63TVQEM,Tucker,Y
T-1000-003,CARBON Filter Bracket,XLEPNLKP3GQABXD73TPVSLUX,JRZD7KCUVMHHMEUZ6XONTBXW,Tucker,Y
90100-CF-EXT,CF Pole Extension,IDHCWFVSRGO42EBP2MBA7ZSM,LLXJDGSX5QJ5E5CSVI23GS2V,Tucker,Y
63042,"Check Valve 1/2""",Y473GVIYTXYW6CFSAWTFLUQP,NXKPDRUMZWDDF7G2TEUQZZKA,Tucker,Y
63042,"Check Valve 1/2""",Y473GVIYTXYW6CFSAWTFLUQP,XEIBY6HSVYXKXDOISN2A3ELC,Tucker,Y
2212,Chemical Injector,WTN63U3EKKRJTUM47726XBOK,XSQ3FMTTPRST6EUIP7A3KUEG,Tools,Y
2214,Chemical Injector 3-5gpm,X5HCURR7E3VWKTYDSWZQORQY,DC3OPIFOCGOD5CWSHKMY3G2T,Tools,Y
2216,Chemical Injector 5-8gpm,GPWBXH7BOJNQYAHDFVD7NNEO,IP7MSNBE6FLS3LEXQGWRFYZE,Tools,Y
20062-SS-C,"Clamp/Hardware for 4"" SS housing",7O4XRJV4REBRZ345ASDLBLVU,22HDVKG53ULM7HI5XJMBHM6U,Tucker,Y
12021-C,Cobra Clamps,VS7BIIWUMFWVQ4LRC3SEZ7XS,TUZXSIL32ZDQ43U3ULPTPEQM,Tucker,Y
SORBO-SQ10-FXD,"Complete Squeegee w/ Fixed Handle & Quicksilver Channel - 10""",NDDZPDODHJ6ICIJ23HYGGXPU,XJPZ5XPXJI6OGEQAS6BZPXMD,Tucker,Y
SORBO-SQ14-FXD,"Complete Squeegee w/ Fixed Handle & Quicksilver Channel - 14""",O3BADUEHXH4XDYLVRPF6KKQR,Z4MDV5PXMSMSJCHINXXVDE4W,Tucker,Y
SORBO-SQ18-FXD,"Complete Squeegee w/ Fixed Handle & Quicksilver Channel - 18""",QSF7A6BMYHK7F7FNU3WWIPXJ,N6SF2BNFNFEBCK3HOYHLW77J,Tucker,Y
SORBO-SQ6-FXD,"Complete Squeegee w/ Fixed Handle & Quicksilver Channel - 6""",UMVQK77KTUS3NJ5WIOTVI4LT,7KEFIS2ETGOOL2OYG24T2LSK,Tucker,Y
SORBO-SQ10-SWV,"Complete Squeegee w/ Swivel Handle & Quicksilver Channel - 10""",6YWS2BLAHK4J4FDVMFEQAFNP,F5OGNNK46IVIDQZ2OPYYQRJB,Tucker,Y
SORBO-SQ14-SWV,"Complete Squeegee w/ Swivel Handle & Quicksilver Channel - 14""",YWTABUXC5NQBU6NQ4ZEMMKU2,LY4B44NIIQ7TA2J7ZFAPWE36,Tucker,Y
SORBO-SQ18-SWV,"Complete Squeegee w/ Swivel Handle & Quicksilver Channel - 18""",OFG6SQM7DG7QBY376C4TOAUN,FOL5EUANF7WBFAPAI5JE5J2V,Tucker,Y
SORBO-SQ6-SWV,"Complete Squeegee w/ Swivel Handle & Quicksilver Channel - 6""",CMAUYWPRMEA7DGJX44THHUN7,6Y4FNG5GOOSIN5HQ4AZ6Y22P,Tucker,Y
T-1000-004,DI Filter Bracket,5N6BHJBYTX2NZSBWBZYVDZRH,VZDWX6UWHLKZ7AUX2OZKEWKG,Tucker,Y
20066-DI,DI Insert for 30in DI Housing,LZXV6VOVVNDFJUTQPQVRGI34,XYEQK3GCWHCRLE3EVN5MB3WE,Tucker,Y
20016,DI Refill Bags 2,CQBIMGYSKKRFCSMNQX4V6ANI,2QTTUKSZDLL6UBRKRJ2NHWKE,Tucker,Y
10070-12-REMOTE,DIY Delivery Panel w/ Remote,GABLK63MYHEF57U7Y7RPYYTB,MGXCLI7MUTGKLCUUCTWFBKH4,Tucker,Y
10070-12-REMOTE,DIY Delivery Panel w/Remote,GABLK63MYHEF57U7Y7RPYYTB,COHM2GY3T7SYZUX57BOCM6R5,Tucker,Y
10070-BOOST,DIY RO BOOST PANEL,CHAV6KVG27HSDMWW2HXR53WS,DCN6XM5LKYDGYQBVVUXRVKQF,Tucker,Y
20.0033,DN-15 Ball Valve,AAUJGRV6MEHEHXXFKJFI56HT,7VULB7AYHFHVNN4SFSGO7B7H,Manatee,Y
80004-PLUS,Digital Flow Controller w/ antenna,7WOGQBXFDC3VPKWUGSO3F4ER,5WLT3VORWJEM4O45ITQO6O7T,Tucker,Y
80006-W/TEES,"Dual Probe TDS Meter DM2, 1/2 Tees",E7AIRRPOIQRZPQII3JHWD6QF,I7XOX5QUTDIP6V77LQLWE5GZ,Tucker,Y
T-SOCKET-90,"EURO Brush Socket, Black",7G63KMKWJA4ACZ4JXYCNYXT3,NFYYRSR3D7664JMKPMVMCTX5,Tucker,Y
T-SOCKET-90,Replacement Brush Socket,7G63KMKWJA4ACZ4JXYCNYXT3,LTOCTE4I73UMBF37QKTMUL6G,Tucker,Y
T-DIAL-ASSEMBLY,EZ Dial Clamp Adjuster,SVFPB2VILPTP5VHLCBUBVX5H,TC4EDQVF7OV2EXIW224DJDWI,Tucker,Y
T-DIAL-ASSEMBLY,EZ Dial Clamp Adjuster,SVFPB2VILPTP5VHLCBUBVX5H,4ZHNR4ZEGWSWB7UEAIZXCKC4,Tucker,Y
20001-E-UGK,EZ RO Conversion kit,X6E676O3DCXRT6D42Y7PYV4S,O5EH5CUK4D7OIMOMOMGCKLAO,Tucker,Y
20001-E-UGK,EZ RO Conversion kit,X6E676O3DCXRT6D42Y7PYV4S,K7KTZGEKTJZCUU3ZME66WWKC,Tucker,Y
T-5BR-CF,End Cap for 25' Tucker Carbon Fiber Pole,U7YSZR2JEUKZDA6HSUZQYKH6,KS5RRW3CCDWEIIFCIMRPZDEJ,Tucker,Y
T-5BR-CF,End Cap for 25' Tucker Carbon Fiber Pole,U7YSZR2JEUKZDA6HSUZQYKH6,SXZV34Q6EKA4GJNXPL2EX3WW,Tucker,Y
T-7BR-CF,End Cap for 35' Tucker Carbon Fiber Pole,NGGWZEXG3UUWLJ3KL7MD2CHS,J2VFK4GVSMB4CUFNCQP5F32A,Tucker,Y
T-9BR-CF,End Cap for 50' Tucker Carbon Fiber Pole,LTPOYXYOGJXY2TK5VAR57DGZ,DBUPLMXMJAQVNUHFP62YQ4GT,Tucker,Y
T-10BR-CF,End Cap for 60' Tucker Carbon Fiber Pole,2E7GPVQNUCYMXCHZVXIADPJD,ORKLL3676QFI4YZF5NBEJTQU,Tucker,Y
T-3BR-CF,End Cap for ECO-15,U2IE2SLHJLSKSI2RUBOPGK6D,36UOOPOO4U4VYMEMSDJ6J3QV,Tucker,Y
T-4BR-CF,End Cap for Tucker Carbon Fiber Pole,ZZ5WTI4NKICCQELXKXTOFXT4,5NVWK54TF45DQW63NOCHSDQ7,Tucker,Y
T-4BR-CF,End Cap for Tucker Carbon Fiber Pole,ZZ5WTI4NKICCQELXKXTOFXT4,E6QAABUQLLJQDDVLZHRZYN2R,Tucker,Y
T-FG-EXT-WC,FG Pole Extension #10 Section,5TI5XIBITIATEW3VFT76RHNF,ZRORGIRFHOUY52U44RBLX7CG,Tucker,Y
60040,Female Quick Connect for Pole Hose,PTG4SIDU7JEQ3QBSZP44NGJV,BLR55ZKXQOW4CKCWO2V5FRO5,Tucker,Y
60040,Garden Hose Quick Connect FEMALE w/ valve,PTG4SIDU7JEQ3QBSZP44NGJV,35JAQGUQAKQYR3FG47PPJBYE,Tucker,Y
T-GN-ADJ-FEMALE,Female end of adjustable Tucker Gooseneck,JAWSYDJ54OLW22X6TVNF3FNN,FPBQTEMMYN2YATIHQ7MKC664,Tucker,Y
10041-KIT,Fitting Kit,4YDXDUR3XZPQJEMMG5UAPQZB,7OBATY2L4XA5LJD6OCB5V463,Tucker,Y
T-CART-REPAIR-KIT,Fittings Repair Kit,GISRPPJUPHU4WSTRRMHKEEHE,LXEFOTFE4MFOP4BEVR5PCKKE,Tucker,Y
T-CART-REPAIR-KIT,Fittings Repair Kit,GISRPPJUPHU4WSTRRMHKEEHE,GMR3RHHJOY2JJ6F7CHMP65UQ,Tucker,Y
T-FUNNEL,Funnel for resin tank refill 10X2,VBTVRQLDIXBW4OQZURNWK42Y,QVVQKTBXKB56BGSYJAWYYG2M,Tucker,Y
12026,GFCI Plug,PDH3YRG5DIFYHAOPK6AANKLV,US7IXPPAWCXRW4XZ3EVA2MWE,Tucker,Y
6539,"GP 18"" Hammerhead Surface Cleaner",SVOOSJZXFZJJ2GDMGXA6UBCB,W3XFLD2ZMXLT3ADERP27DUNW,Tools,Y
7011,GP Hose Reel Stacking Kit,COH77VK6FKPTVK6RDTYACBDO,7E7KKN46CEB2PSUI5T6BFPAZ,Tools,Y
1189,LED Road Flare Cone Adapter - 4 Pack,PYG3MKEARGYG7OSCLRLKB67E,POFK7LN3U4HRK477FMCYPSMY,Tools,Y
UGK-20ALPHA-SOLAR-GL,Glide Bristle Upgrade For 20 Alpha Solar,32YTO5BLQ5JXT6MK3UOPV3BG,7NUAMV4TZTCMFCSOD7NN5MHP,Tucker,Y
T-KNOB-ASY,Gooseneck Knob Assembly,GOWRHOOAWO6FC7CE7EBL4HGN,MGJA5YDYZ3CHDM6E2AE4VUZT,Tucker,Y
T-BOAB-GRY,Grey Bucket on a Belt,EC44RS75NWQONPA4P7JB7DKT,GBU52XWDJM7QDPHZQE553OZU,Tucker,Y
T-BOAB-GRY,Grey Holster Bucket on a Belt,EC44RS75NWQONPA4P7JB7DKT,WZXL56RNAJXOJHJXU7JHZDHU,Tucker,Y
HF-SS-GF,"Whisper Wash Ground Force Spray bar 24""",YPDU6FBLSDSLF77UY4QH2TV3,PB4VNMNSURTWELI4OZB6OPB3,Manatee,Y
T-20-MOBI-C,H2Go w/ Remote,LVCNYKXC6HU5Q4I6VWWKYK6I,RO5OYG3KYAXHIV377AFARCFE,Tucker,Y
T-20-MOBI-C,Tucker H2Go w/ Remote,LVCNYKXC6HU5Q4I6VWWKYK6I,XQOODPFOI32E33KW7OGGGA3B,Tucker,Y
10041-110V-SS,H2PRO 3 Stage (110v),IGIN235UWSHOQM2JUFCPQV5O,PPRRSJ3L336EBUT7QRPSSUDU,Tucker,Y
T-H2PRO-DIS-REPLACEMENT,H2PRO DI Saver Replacement,GY5JXHQGM2MRK4NMV5CNM6LZ,5HWWQBL4LDMN3VNIJO7ALNQM,Tucker,Y
11016,H2pro Frame,AQY3KMMOTNCNQT4YM7F3Q5QP,2GVGLOAFLQAQ6UZVYB6MTWBT,Tucker,Y
5166,"High Pressure Filter 1/4"" FPT in 1/4"" MPT out",YSKNVYOHGJN75UBDICZLBFS2,QSSSALJK6QRKTMU3DR274MKY,Parts,Y
4599,Spray-Flex,R6VRAQ57EWVZU3OOO6V56AI6,YBKXVIASHFZ6LLZWFTCSM72X,Barens,Y
HF-SS-MM,Whisper Wash Mini Mondo Spray bar,UC5HSLC27Q4W7H2P3TOC7ANF,TOGV73C6XM2L4TINWXX6HSH4,Manatee,Y
HF-SS-M,Whisper Wash Mondo Spray bar,FWDUM2X7GNMZ2PHRAAGZOFJB,OUNNQFPJP2L4GCEZUMNFB4VU,Manatee,Y
22.0294,NICKEL PLATED STEEL UNLOADER MOUNTING BLOCK 1/2 F,7TB7E7B5UWLXOU5LB4S62YMA,57LCEOQOHWZ7NGIW7AQZKFCW,Manatee,Y
NTPP5G,NuTopp Roof Rejuvenator,GGKX4CWJKLRIMMV2R2XTINQX,FQPQYD5XNMUZEO7VKSTGYK6H,Uncategorized,Y
1489,X-Jet Proportioners - Pack of 15,UVCWFL2SCYGU6BKKYBI4ENTH,F5DBCYPLP777YSGW7AGUTREU,Tools,Y
6823,"Push & Pull 34"" Lance",2QZYOGVK42PBWPTPYZWBCLD3,LOD6PGV67R3FDLWBKGQKSHX6,Barens,Y
RAMP208-WHIP-10,"RAMPAGE BEAST 10' Gray 1/2"" Double Wire 6200 PSI Whip hose",L76XXSSR4HTK3NAKLNDRLLI5,T4GVPGR7Z5SKQ4BAGDRRSSTK,Manatee,Y
RAMP206-WHIP-10,"RAMPAGE BEAST 10' Gray 3/8"" Double Wire 7300 PSI Whip hose",4HMSC7XDRPCZ33LDYK73R63C,Z4JI6EVNVHNHK7ENUPS24IHW,Manatee,Y
RAMP208-100,"RAMPAGE BEAST 100' Gray 1/2"" Double Wire 6200 PSI Hose",HFTY4EMPF247F3X2PTGTSWPJ,FUAFH3GREE2JKXH5PEMWO3UT,Manatee,Y
RAMP206-100,"RAMPAGE BEAST 100' Gray 3/8"" Double Wire 7300 PSI Hose",JTXOWSP6MPJKA2GHD5ZQM2HM,64RZN7NNLKQKOGHPVF4JVLES,Manatee,Y
RAMP206-WHIP-12,"RAMPAGE BEAST 12' Smooth Gray 3/8"" Double Wire 7300 PSI Whip hose",KMBTJXZIEDGK5EEBJEWLVN5G,T2MRJUSHTHJSPJFUOUC6SNBR,Manatee,Y
RAMP206-200,"RAMPAGE BEAST 200' Gray 3/8"" Double Wire 7300 PSI Hose",4IDLDWK6K3N4ZGJSASW5J53O,P2DJ2PLTAAIRZWSWOL72R7KA,Manatee,Y
RAMP208-WHIP-4,"RAMPAGE BEAST 4' Gray 1/2"" Double Wire 6200 PSI Whip hose",T3TRJH3NHTGM42MEB4F2LOHR,NK7H6A2WKRROTL3SQRHWX3QZ,Manatee,Y
RAMP206-WHIP-4,"RAMPAGE BEAST 4' Gray 3/8"" Double Wire 7300 PSI Whip hose",DSSF6DFVRXOAVNFPL3E5NGWM,IOI2HD2LNHGISAI45DWTWNG5,Manatee,Y
RAMP208-50,"RAMPAGE BEAST 50' Gray 1/2"" Double Wire 6200 PSI Hose",ZESWLVFL4QO637H5EAIGQ4IV,OOY4HJQEBLOMMHDITLFSDGTA,Manatee,Y
RAMP206-50,"RAMPAGE BEAST 50' Gray 3/8"" Double Wire 7300 PSI Hose",KSCXKNKIGFGE6GGXDBELF3JS,NG3547GAK2HJLIMNH5LVYBSR,Manatee,Y
RAMP208-WHIP-6,"RAMPAGE BEAST 6' Gray 1/2"" Double Wire 6200 PSI Whip hose",QK7KSRJHRG55O7AQR7GIF2ZV,Z274WGIUA3IBYZWPOYVUU4F2,Manatee,Y
RAMP206-WHIP-6,"RAMPAGE BEAST 6' Gray 3/8"" Double Wire 7300 PSI Whip hose",AF4QNFMORHBV6IZQVZ4LSNUW,UTLCVQNXW2PRGBPFFCF2HPXF,Manatee,Y
RAMP208-WHIP-8,"RAMPAGE BEAST 8' Gray 1/2"" Double Wire 6200 PSI Whip hose",JRDHE7NCTM3VJLLHIIP45EDB,VS2BBEO65CPVEIA62XTYJB6Q,Manatee,Y
RAMP206-WHIP-8,"RAMPAGE BEAST 8' Gray 3/8"" Double Wire 7300 PSI Whip hose",F3O37WIBH2TIVBPUFDZFQITM,MT5B3LTG5ELV5PUE5J7EIE67,Manatee,Y
3943,REMOTE THERMOSTAT,T262XGSJGSVQ6UHAANYKMOVA,QA7RJNBJYB23CST5OAOLEN4Q,Barens,Y
4803,RotoJet Turbo Nozzle 5.5GPM,OTX4XSQHI4LAWDWF4HRI7BVX,NCLN4KMOQPIZT3VEFLRFQLM2,Parts,Y
6012,RotoJet Turbo Nozzle 3.5 GPM,MULUGOE7TPUGXY2FC7CGTENR,RO653MXEQXDAPJZBRM6VZ2RW,Barens,Y
6013,RotoJet Turbo Nozzle 4 GPM,ZQYWEJ6VB36QLSHFA4KJC6NU,HJWMAPSY6KXNAIXRYCCVPNJC,Barens,Y
4818,RotoJet Turbo Nozzle 8 GPM,F5JRR5EYPZOOLXFFLOEWKRDS,WQV4GF6YGNU656WHB5JKV7VW,Barens,Y
2373,"Rotating Sewer Nozzle 1/4"" 5.5 gpm",GV23EURZSE7ABJGVVRY42UWS,ULOTR5T5DK3PV76CGY35KE6M,Barens,Y
6210,"Sewer Nozzle 1/4"" 4.5 gpm",S4QX3CJLQQ6BDYGHNOZ4KBLM,OQ4ICU6X3KYCEUVOC3HY6KC7,Barens,Y
6355,"Sewer Nozzle 1/4"" 5.5 gpm",7GRW73QLAHXFIPATCKOOIZDZ,XPTJKZKGZQ2SJFGW7AGRVHIX,Barens,Y
6200,"Sewer Nozzle 1/4"" 8 gpm",GA3I7NOBLUYCZFGVO5MWYTKJ,EUSNCIEU7F5GICATU4ZW46PP,Barens,Y
7035,ST-15 Descaling Pump,KISRD2DSWD4F22TH72H6SFXT,MVWGS6GQAOZGTABFRD6DNJ4O,Tools,Y
3473,Suttner Foot Valve,2HS6MPHKKV3PP3VF2LAMFP4W,MG5IZIFFI2VADXBNO5AHPBFC,Barens,Y
HF-SS-UC16,"Whisper Wash Ultra Clean Spray bar 16""",VGPZ2J6YDR3PDQJSTFXCUXTL,P2C7IF3V3CIBZWHQ73UOSXLW,Manatee,Y
11152,"VRT 100 unloader 21 GPM 5075 PSI Green spring 1/2""",6RJLNOMSC5ENGYGN23C2Z2MK,C65DYACRHUC5H2PYFJEV7UKX,Manatee,Y
VRT3-310EZ,VRT-3 Unloader w/built-in EZ start 8.0gpm 4500PSI MAX,EVWLAG4JELB73IG67VEICH34,F4SIJYJY4TD5RGAI4HQ2AQBY,Manatee,Y
HFQ-SP-BG,Xforce 4 tip bar Big Guy,ZBASFX7DQBRLOPXYG5WXUE2E,W345ESFGRAF5TWEA7VZQV4GH,Manatee,Y
