Row Number,SKU,Item Name,Image Filename,Local Image Absolute Path,Status
1,T-50-HM-1-WC,#1 Section for 50HMw/ clamp,T-50-HM-1-WC.png,C:\Codex\AZCS Inventory\Images\Tucker images\T-50-HM-1-WC.png,copied
2,T-22-HY-1-WC,#1 Section for BRAVOw/ clamp,T-22-HY-1-WC.png,C:\Codex\AZCS Inventory\Images\Tucker images\T-22-HY-1-WC.png,copied
3,T-30-CF-1-WC,#1 Section for ECO 30w/ Clamp,T-30-CF-1-WC.png,C:\Codex\AZCS Inventory\Images\Tucker images\T-30-CF-1-WC.png,copied
4,T-40-CF-1-WC,#1 Section for ECO 40w/ Clamp,T-40-CF-1-WC.png,C:\Codex\AZCS Inventory\Images\Tucker images\T-40-CF-1-WC.png,copied
5,T-15-HY-1-WC,#1 Section for Juniorw/ clamp,T-15-HY-1-WC.png,C:\Codex\AZCS Inventory\Images\Tucker images\T-15-HY-1-WC.png,copied
6,T-12-FG-1-WC,#1 Section for SIDEKICKw/ Clamp,T-12-FG-1-WC.png,C:\Codex\AZCS Inventory\Images\Tucker images\T-12-FG-1-WC.png,copied
7,T-27-CF-1-WC,#1 Section for SOLAR BOOSTw/ Clamp,T-27-CF-1-WC.png,C:\Codex\AZCS Inventory\Images\Tucker images\T-27-CF-1-WC.png,copied
8,T-CF-EXT-WC,#10 CF Pole Extension with Clamp,T-CF-EXT-WC.png,C:\Codex\AZCS Inventory\Images\Tucker images\T-CF-EXT-WC.png,copied
9,T-50-HM-2-WC,#2 Section for 50HMw/ clamp,T-50-HM-2-WC.png,C:\Codex\AZCS Inventory\Images\Tucker images\T-50-HM-2-WC.png,copied
10,T-22-HY-2-WC,#2 Section for BRAVOw/ clamp,T-22-HY-2-WC.png,C:\Codex\AZCS Inventory\Images\Tucker images\T-22-HY-2-WC.png,copied
11,T-30-CF-2-WC,#2 Section for ECO 30w/ Clamp,T-30-CF-2-WC.png,C:\Codex\AZCS Inventory\Images\Tucker images\T-30-CF-2-WC.png,copied
12,T-40-CF-2-WC,#2 Section for ECO 40w/ Clamp,T-40-CF-2-WC.png,C:\Codex\AZCS Inventory\Images\Tucker images\T-40-CF-2-WC.png,copied
13,T-15-HY-2-WC,#2 Section for Juniorw/ clamp,T-15-HY-2-WC.png,C:\Codex\AZCS Inventory\Images\Tucker images\T-15-HY-2-WC.png,copied
14,T-12-FG-2-WC,#2 Section for SIDEKICKw/ Clamp,T-12-FG-2-WC.png,C:\Codex\AZCS Inventory\Images\Tucker images\T-12-FG-2-WC.png,copied
15,T-27-CF-2-WC,#2 Section for SOLAR BOOSTw/ Clamp,T-27-CF-2-WC.png,C:\Codex\AZCS Inventory\Images\Tucker images\T-27-CF-2-WC.png,copied
16,T-15-FG-3-WC,#3 Base Section for Juniorw/ clamp,T-15-FG-3-WC.png,C:\Codex\AZCS Inventory\Images\Tucker images\T-15-FG-3-WC.png,copied
17,T-12-FG-3-WC,#3 Base Section for SIDEKICKw/ Clamp,T-12-FG-3-WC.png,C:\Codex\AZCS Inventory\Images\Tucker images\T-12-FG-3-WC.png,copied
18,T-50-HM-3-WC,#3 Section for 50HMw/ clamp,T-50-HM-3-WC.png,C:\Codex\AZCS Inventory\Images\Tucker images\T-50-HM-3-WC.png,copied
19,T-22-HY-3-WC,#3 Section for BRAVOw/ clamp,T-22-HY-3-WC.png,C:\Codex\AZCS Inventory\Images\Tucker images\T-22-HY-3-WC.png,copied
20,T-30-CF-3-WC,#3 Section for ECO 30w/ Clamp,T-30-CF-3-WC.png,C:\Codex\AZCS Inventory\Images\Tucker images\T-30-CF-3-WC.png,copied
21,T-40-CF-3-WC,#3 Section for ECO 40w/ Clamp,T-40-CF-3-WC.png,C:\Codex\AZCS Inventory\Images\Tucker images\T-40-CF-3-WC.png,copied
22,T-27-CF-3-WC,#3 Section for SOLAR BOOSTw/ Clamp,T-27-CF-3-WC.png,C:\Codex\AZCS Inventory\Images\Tucker images\T-27-CF-3-WC.png,copied
23,T-50-HM-4-WC,#4 Section for 50HMw/ clamp,T-50-HM-4-WC.png,C:\Codex\AZCS Inventory\Images\Tucker images\T-50-HM-4-WC.png,copied
24,T-22-HY-4-WC,#4 Section for BRAVOw/ clamp,T-22-HY-4-WC.png,C:\Codex\AZCS Inventory\Images\Tucker images\T-22-HY-4-WC.png,copied
25,T-30-CF-4-WC,#4 Section for ECO 30w/ Clamp,T-30-CF-4-WC.png,C:\Codex\AZCS Inventory\Images\Tucker images\T-30-CF-4-WC.png,copied
26,T-40-CF-4-WC,#4 Section for ECO 40w/ Clamp,T-40-CF-4-WC.png,C:\Codex\AZCS Inventory\Images\Tucker images\T-40-CF-4-WC.png,copied
27,T-27-CF-4-WC,#4 Section for SOLAR BOOSTw/ Clamp,T-27-CF-4-WC.png,C:\Codex\AZCS Inventory\Images\Tucker images\T-27-CF-4-WC.png,copied
28,T-22-FG-5-WC,#5 Base Section for BRAVOw/ clamp,T-22-FG-5-WC.png,C:\Codex\AZCS Inventory\Images\Tucker images\T-22-FG-5-WC.png,copied
29,T-30-FG-5-WC,#5 Base Section for ECO 30w/ Clamp,T-30-FG-5-WC.png,C:\Codex\AZCS Inventory\Images\Tucker images\T-30-FG-5-WC.png,copied
30,T-50-HM-5-WC,#5 Section for 50HMw/ clamp,T-50-HM-5-WC.png,C:\Codex\AZCS Inventory\Images\Tucker images\T-50-HM-5-WC.png,copied
31,T-40-CF-5-WC,#5 Section for ECO 40w/ Clamp,T-40-CF-5-WC.png,C:\Codex\AZCS Inventory\Images\Tucker images\T-40-CF-5-WC.png,copied
32,T-27-CF-5-WC,#5 Section for SOLAR BOOSTw/ Clamp,T-27-CF-5-WC.png,C:\Codex\AZCS Inventory\Images\Tucker images\T-27-CF-5-WC.png,copied
33,T-50-HM-6-WC,#6 Section for 50HMw/ clamp,T-50-HM-6-WC.png,C:\Codex\AZCS Inventory\Images\Tucker images\T-50-HM-6-WC.png,copied
34,T-40-CF-6-WC,#6 Section for ECO 40w/ Clamp,T-40-CF-6-WC.png,C:\Codex\AZCS Inventory\Images\Tucker images\T-40-CF-6-WC.png,copied
35,T-27-CF-6-WC,#6 Section for SOLAR BOOSTw/ Clamp,T-27-CF-6-WC.png,C:\Codex\AZCS Inventory\Images\Tucker images\T-27-CF-6-WC.png,copied
36,T-40-FG-7-WC,#7 Base Section for ECO 40w/ Clamp,T-40-FG-7-WC.png,C:\Codex\AZCS Inventory\Images\Tucker images\T-40-FG-7-WC.png,copied
37,T-27-FG-7-WC,#7 Base Section for SOLAR BOOSTw/ Clamp,T-27-FG-7-WC.png,C:\Codex\AZCS Inventory\Images\Tucker images\T-27-FG-7-WC.png,copied
38,T-50-HM-7-WC,#7 Section for 50HMw/ clamp,T-50-HM-7-WC.png,C:\Codex\AZCS Inventory\Images\Tucker images\T-50-HM-7-WC.png,copied
39,T-50-HM-8-WC,#8 Section for 50HMw/ clamp,T-50-HM-8-WC.png,C:\Codex\AZCS Inventory\Images\Tucker images\T-50-HM-8-WC.png,copied
40,T-50-FG-9-WC,#9 Base Section for 50HMw/ clamp,T-50-FG-9-WC.png,C:\Codex\AZCS Inventory\Images\Tucker images\T-50-FG-9-WC.png,copied
41,T-9CFWC-50,#9 HM Section for 50' HM w/ clamp,T-9CFWC-50.jpeg,C:\Codex\AZCS Inventory\Images\Tucker images\T-9CFWC-50.jpeg,copied
42,TUCKER-BRAVO,(BRAVO) Tucker® 22' Hybrid Pole,TUCKER-BRAVO.jpeg,C:\Codex\AZCS Inventory\Images\Tucker images\TUCKER-BRAVO.jpeg,copied
43,11016,H2pro Frame,11016.png,C:\Codex\AZCS Inventory\Images\Tucker images\11016.png,copied
44,T-SIDEKICK,(SIDEKICK) Tucker® 6' TRAD Pole,T-SIDEKICK.png,C:\Codex\AZCS Inventory\Images\Tucker images\T-SIDEKICK.png,copied
45,T-50-DEL-DU,50 Gallon Delivery System Dual User,T-50-DEL-DU.jpeg,C:\Codex\AZCS Inventory\Images\Tucker images\T-50-DEL-DU.jpeg,copied
46,T-50-DEL-SU,50 Gallon Delivery System Single User,T-50-DEL-SU.jpeg,C:\Codex\AZCS Inventory\Images\Tucker images\T-50-DEL-SU.jpeg,copied
47,T-50-PRO-DU-150,Spot Free RO/DI 50 Gallon Dual User 150,T-50-PRO-DU-150.jpeg,C:\Codex\AZCS Inventory\Images\Tucker images\T-50-PRO-DU-150.jpeg,copied
48,T-50-PRO-SU-150,Spot Free RO/DI 50 Gallon Single User 150,T-50-PRO-SU-150.jpeg,C:\Codex\AZCS Inventory\Images\Tucker images\T-50-PRO-SU-150.jpeg,copied
49,12003-A,0-160 psi Pressure Gauge Liquid Filled,12003-A.png,C:\Codex\AZCS Inventory\Images\Tucker images\12003-A.png,copied
50,20007,1 cubic foot of Tucker DI resin in Bucket,20007.png,C:\Codex\AZCS Inventory\Images\Tucker images\20007.png,copied
51,60027-10,1/2 Black Tubing (per 10 foot length),60027-10.png,C:\Codex\AZCS Inventory\Images\Tucker images\60027-10.png,copied
52,63016,1/2 Brass Nipple Close,63016.png,C:\Codex\AZCS Inventory\Images\Tucker images\63016.png,copied
53,63017,1/2 Brass Plug,63017.png,C:\Codex\AZCS Inventory\Images\Tucker images\63017.png,copied
54,63005,1/2 Brass Street Elbow,63005.png,C:\Codex\AZCS Inventory\Images\Tucker images\63005.png,copied
55,63020,1/2 Brass Tee,63020.png,C:\Codex\AZCS Inventory\Images\Tucker images\63020.png,copied
56,20007.5,1/2 cubic foot of Tucker DI resin in Bucket,20007.5.png,C:\Codex\AZCS Inventory\Images\Tucker images\20007.5.png,copied
57,62027,1/2 Elbow Threaded BRASS (FNPT),62027.png,C:\Codex\AZCS Inventory\Images\Tucker images\62027.png,copied
58,12032-ELBOW,1/2 femail ptf to 1/2 male ptf elbow,12032-ELBOW.png,C:\Codex\AZCS Inventory\Images\Tucker images\12032-ELBOW.png,copied
59,63009,1/2 female x 3/4 female GHT,63009.png,C:\Codex\AZCS Inventory\Images\Tucker images\63009.png,copied
60,63010,1/2 female x 3/4 male GHT,63010.png,C:\Codex\AZCS Inventory\Images\Tucker images\63010.png,copied
61,62039,1/2 FNPT Line Strainer 80mesh,62039.png,C:\Codex\AZCS Inventory\Images\Tucker images\62039.png,copied
62,12023,1/2 hp Motor Dual Phase,12023.png,C:\Codex\AZCS Inventory\Images\Tucker images\12023.png,copied
63,62002-M,1/2 male thread x 1/2 PTF Metal,62002-M.png,C:\Codex\AZCS Inventory\Images\Tucker images\62002-M.png,copied
64,62002-P,1/2 male thread x 1/2 PTF Plastic,62002-P.png,C:\Codex\AZCS Inventory\Images\Tucker images\62002-P.png,copied
65,63008,1/2 male thread x 3/4 male GHT Brass,63008.png,C:\Codex\AZCS Inventory\Images\Tucker images\63008.png,copied
66,62028,1/2 Male Thread x 3/8 PTF,62028.png,C:\Codex\AZCS Inventory\Images\Tucker images\62028.png,copied
67,62013,1/2 male x 3/8 ptf elbow reducer GAM,62013.png,C:\Codex\AZCS Inventory\Images\Tucker images\62013.png,copied
68,63032,1/2 MPT X FGH Swivel,63032.png,C:\Codex\AZCS Inventory\Images\Tucker images\63032.png,copied
69,62035,1/2 NPT x 1/2 Barb,62035.png,C:\Codex\AZCS Inventory\Images\Tucker images\62035.png,copied
70,62003,1/2 Plug for PTF,62003.png,C:\Codex\AZCS Inventory\Images\Tucker images\62003.png,copied
71,62038,1/2 PTF Bulkhead,62038.png,C:\Codex\AZCS Inventory\Images\Tucker images\62038.png,copied
72,62004,1/2' PTF Tee Fitting,62004.png,C:\Codex\AZCS Inventory\Images\Tucker images\62004.png,copied
73,62018,1/2 x 1/2 PTF 90deg Elbow,62018.png,C:\Codex\AZCS Inventory\Images\Tucker images\62018.png,copied
74,62005-TH,1/2 x 1/2 Tee w/ 1/4 female thread,62005-TH.png,C:\Codex\AZCS Inventory\Images\Tucker images\62005-TH.png,copied
75,63018,1/2 x 1/4 Hex Bushing,63018.png,C:\Codex\AZCS Inventory\Images\Tucker images\63018.png,copied
76,62005,1/2 x 3/8 PTF Tee,62005.png,C:\Codex\AZCS Inventory\Images\Tucker images\62005.png,copied
77,62007,1/2 Y Divider,62007.png,C:\Codex\AZCS Inventory\Images\Tucker images\62007.png,copied
78,62051,"1/2"" male NPT x 1/2"" PTF swiveling Elbow",62051.png,C:\Codex\AZCS Inventory\Images\Tucker images\62051.png,copied
79,63045,"1/2"" X 1/2"" Brass RISER",63045.png,C:\Codex\AZCS Inventory\Images\Tucker images\63045.png,copied
80,62001-M,1/2in stem x 1/2in ptf metal ELBOW,62001-M.png,C:\Codex\AZCS Inventory\Images\Tucker images\62001-M.png,copied
81,62001,1/2in stem x 1/2in ptf Plastic ELBOW,62001.png,C:\Codex\AZCS Inventory\Images\Tucker images\62001.png,copied
82,63028,1/2in Brass Threaded Coupling,63028.png,C:\Codex\AZCS Inventory\Images\Tucker images\63028.png,copied
83,62010,1/2in male thread x 1/2in PTF Elbow,62010.png,C:\Codex\AZCS Inventory\Images\Tucker images\62010.png,copied
84,21010,1/2in O-Ring for RO Membranes,21010.png,C:\Codex\AZCS Inventory\Images\Tucker images\21010.png,copied
85,63031,1/2in Stem x 3/8in Barb 45 deg,63031.png,C:\Codex\AZCS Inventory\Images\Tucker images\63031.png,copied
86,63029,1/2in x 3/8in Brass Face Bushing,63029.png,C:\Codex\AZCS Inventory\Images\Tucker images\63029.png,copied
87,63013,1/2x1/2x1/2 Stem Union T-Black,63013.png,C:\Codex\AZCS Inventory\Images\Tucker images\63013.png,copied
88,63015,1/2x1/2x1/4 Tube Union Tee-Black,63015.png,C:\Codex\AZCS Inventory\Images\Tucker images\63015.png,copied
89,62056,"1/4""M x 5/16"" PTF",62056.png,C:\Codex\AZCS Inventory\Images\Tucker images\62056.png,copied
90,SORBO-S1269,"10"" Quicksilver Channel 90 degree w/ end clips",SORBO-S1269.jpeg,C:\Codex\AZCS Inventory\Images\Tucker images\SORBO-S1269.jpeg,copied
91,12015,12 volt waterproof rocker switch,12015.png,C:\Codex\AZCS Inventory\Images\Tucker images\12015.png,copied
92,SORBO-S1277,"14"" Quicksilver Channel 40 degree w/ end clips",SORBO-S1277.png,C:\Codex\AZCS Inventory\Images\Tucker images\SORBO-S1277.png,copied
93,ECO-15-BARE,15' ECO BARE POLE (no tips included),ECO-15-BARE.png,C:\Codex\AZCS Inventory\Images\Tucker images\ECO-15-BARE.png,copied
94,T-3/8-150-YL,150 foot Yellow 3/8 Hose with Garden Hose Fittings,,,missing
95,V16X2,"16"" x 2"" Velcro Strip (Single strip)",V16X2.png,C:\Codex\AZCS Inventory\Images\Tucker images\V16X2.png,copied
96,SORBO-S1285,"18"" Quicksilver Channel 40 degree w/ end clips",SORBO-S1285.png,C:\Codex\AZCS Inventory\Images\Tucker images\SORBO-S1285.png,copied
97,11031-STEEL,1in Square Plastic Plug for Steel Frame,11031-STEEL.png,C:\Codex\AZCS Inventory\Images\Tucker images\11031-STEEL.png,copied
98,ECO-40-EXT,2 Piece Ext Kit w/ Sec ECO-6 and ECO-7,ECO-40-EXT.png,C:\Codex\AZCS Inventory\Images\Tucker images\ECO-40-EXT.png,copied
99,ECO-50-EXT,2 Piece Ext Kit w/ Sec ECO-8 and ECO-9,ECO-50-EXT.png,C:\Codex\AZCS Inventory\Images\Tucker images\ECO-50-EXT.png,copied
100,ECO-MINI-EXT,2 Piece Extension for ECO-MINI,ECO-MINI-EXT.png,C:\Codex\AZCS Inventory\Images\Tucker images\ECO-MINI-EXT.png,copied
101,T-LOCT-UGK,2 piece kit for upgrading to Loct System,T-LOCT-UGK.jpeg,C:\Codex\AZCS Inventory\Images\Tucker images\T-LOCT-UGK.jpeg,copied
102,V10X2,"2""x10"" Velcro Strip (Single strip)",V10X2.png,C:\Codex\AZCS Inventory\Images\Tucker images\V10X2.png,copied
103,20026,2.5in x 10in Carbon Filter,20026.png,C:\Codex\AZCS Inventory\Images\Tucker images\20026.png,copied
104,20026-CK,2.5in x 10in Carbon Filter / Chloramine Killer,20026-CK.jpeg,C:\Codex\AZCS Inventory\Images\Tucker images\20026-CK.jpeg,copied
105,20047-CLR,2.5in x 10in CLEAR Housing w/ 1/2in inlets,20047-CLR.jpeg,C:\Codex\AZCS Inventory\Images\Tucker images\20047-CLR.jpeg,copied
106,TUCKER-2-5IN-X-10IN-SEDIMENT-FILTER,2.5in x 10in Sediment Filter,20025.png,C:\Codex\AZCS Inventory\Images\Tucker images\20025.png,copied
107,20025/26,2.5in x 10in Sediment/Carbon Filter,,,missing
108,20051,21in Filter Insert (EMPTY),20051.png,C:\Codex\AZCS Inventory\Images\Tucker images\20051.png,copied
109,20025-3,3 pack of filters for hydrocart,20025-3.png,C:\Codex\AZCS Inventory\Images\Tucker images\20025-3.png,copied
110,62029,3 way Valve - SmartWash,62029.png,C:\Codex\AZCS Inventory\Images\Tucker images\62029.png,copied
111,63027,3/4 FNPTx 3/4 FGHT Brass Swivel,63027.png,C:\Codex\AZCS Inventory\Images\Tucker images\63027.png,copied
112,63024,3/4 x 1/2 Reducer Bushing,63024.jpeg,C:\Codex\AZCS Inventory\Images\Tucker images\63024.jpeg,copied
113,63026,3/4 x 3/4 MGHT x MPT,63026.png,C:\Codex\AZCS Inventory\Images\Tucker images\63026.png,copied
114,63051,"3/4"" Female x 3/4"" Female GHT Swivel",63051.png,C:\Codex\AZCS Inventory\Images\Tucker images\63051.png,copied
115,63052,"3/4"" Female x 3/4"" Male GHT",63052.png,C:\Codex\AZCS Inventory\Images\Tucker images\63052.png,copied
116,63053,"3/4"" x 2"" Nipple",63053.png,C:\Codex\AZCS Inventory\Images\Tucker images\63053.png,copied
117,63001,3/8 barb x 1/2 male thread,63001.png,C:\Codex\AZCS Inventory\Images\Tucker images\63001.png,copied
118,63002,3/8 barb x 1/4 male thread,63002.png,C:\Codex\AZCS Inventory\Images\Tucker images\63002.png,copied
119,63004,3/8 barb x 3/4 female GHT,63004.png,C:\Codex\AZCS Inventory\Images\Tucker images\63004.png,copied
120,63003,3/8 barb x 3/4 male GHT,63003.png,C:\Codex\AZCS Inventory\Images\Tucker images\63003.png,copied
121,63012,3/8 Male x 3/8 Barb,63012.png,C:\Codex\AZCS Inventory\Images\Tucker images\63012.png,copied
122,62024,3/8 Pipe Thread x 1/2 PTF,62024.png,C:\Codex\AZCS Inventory\Images\Tucker images\62024.png,copied
123,62006,3/8 PTF x 1/4 PTF Reducer,62006.png,C:\Codex\AZCS Inventory\Images\Tucker images\62006.png,copied
124,T-1935,3/8 Swivel for Tucker Reel,T-1935.png,C:\Codex\AZCS Inventory\Images\Tucker images\T-1935.png,copied
125,63011,3/8 x 1/2 PTF GAM,63011.png,C:\Codex\AZCS Inventory\Images\Tucker images\63011.png,copied
126,63030,3/8in Close Nipple,63030.png,C:\Codex\AZCS Inventory\Images\Tucker images\63030.png,copied
127,ECO-30-BARE,30' ECO BARE POLE (no tips included),ECO-30-BARE.png,C:\Codex\AZCS Inventory\Images\Tucker images\ECO-30-BARE.png,copied
128,20054-30-SS,"30"" Stainless Steel Housing",20054-30-SS.png,C:\Codex\AZCS Inventory\Images\Tucker images\20054-30-SS.png,copied
129,T-3/8-300-YL,300 foot Yellow 3/8 Hose with Garden Hose Fittings,,,missing
130,20066-C,30in Carbon Filter Insert,20066-C.png,C:\Codex\AZCS Inventory\Images\Tucker images\20066-C.png,copied
131,20066,30in Filter Insert (EMPTY),20066.png,C:\Codex\AZCS Inventory\Images\Tucker images\20066.png,copied
132,20066-RO,30in Max-Flow Custom RO Membrane,20066-RO.png,C:\Codex\AZCS Inventory\Images\Tucker images\20066-RO.png,copied
133,T-SOLAR-4060,4 Stage 4060 Kit for Solar Panel Cleaning,T-SOLAR-4060.png,C:\Codex\AZCS Inventory\Images\Tucker images\T-SOLAR-4060.png,copied
134,T-CART-UGK,4 Stage Cart Upgrade Kits,T-CART-UGK.jpeg,C:\Codex\AZCS Inventory\Images\Tucker images\T-CART-UGK.jpeg,copied
135,T-SOLAR-RIVAL,4 Stage Rival Kit for Solar Panel Cleaning,T-SOLAR-RIVAL.png,C:\Codex\AZCS Inventory\Images\Tucker images\T-SOLAR-RIVAL.png,copied
136,20027,4 x 10in DI Cartridge Blue/White,20027.png,C:\Codex\AZCS Inventory\Images\Tucker images\20027.png,copied
137,TUCKER-4-X-20IN-DI-CARTRIDGE-FULL-BLUE,4 x 20in DI Cartridge Full Blue/White,20015.png,C:\Codex\AZCS Inventory\Images\Tucker images\20015.png,copied
138,ECO-40-BARE,40' ECO BARE POLE (no tips included),ECO-40-BARE.png,C:\Codex\AZCS Inventory\Images\Tucker images\ECO-40-BARE.png,copied
139,20054-40-SS,"40"" Stainless Steel Housing",20054-40-SS.png,C:\Codex\AZCS Inventory\Images\Tucker images\20054-40-SS.png,copied
140,20013-C,40in Carbon Insert,20013-C.png,C:\Codex\AZCS Inventory\Images\Tucker images\20013-C.png,copied
141,20013,40in Cartridge EMPTY,20013.png,C:\Codex\AZCS Inventory\Images\Tucker images\20013.png,copied
142,20013-D,40in DI Cartridge,20013-D.png,C:\Codex\AZCS Inventory\Images\Tucker images\20013-D.png,copied
143,21009,4in Brine Seal,21009.jpeg,C:\Codex\AZCS Inventory\Images\Tucker images\21009.jpeg,copied
144,20036,4in Filter Wrench,20036.png,C:\Codex\AZCS Inventory\Images\Tucker images\20036.png,copied
145,20009,4in x 10in Carbon Filter,20009.png,C:\Codex\AZCS Inventory\Images\Tucker images\20009.png,copied
146,20040,4in x 10in Grey Housing 3/4 FNPT,20040.png,C:\Codex\AZCS Inventory\Images\Tucker images\20040.png,copied
147,20008,4in x 10in Sediment Filter,20008.png,C:\Codex\AZCS Inventory\Images\Tucker images\20008.png,copied
148,20041,4in x 20in Housing Grey 3/4 FNPT,20041.png,C:\Codex\AZCS Inventory\Images\Tucker images\20041.png,copied
149,20014,4in x 20in Refillable Cartridge Empty Blue/White,20014.png,C:\Codex\AZCS Inventory\Images\Tucker images\20014.png,copied
150,20029,4in x10in Re-Fillable Empty Blue/White,20029.png,C:\Codex\AZCS Inventory\Images\Tucker images\20029.png,copied
151,20051-C,4x21 Carbon Cartridge,20051-C.png,C:\Codex\AZCS Inventory\Images\Tucker images\20051-C.png,copied
152,20051-D,4x21 DI Cartridge,20051-D.png,C:\Codex\AZCS Inventory\Images\Tucker images\20051-D.png,copied
153,T-3/8-5-RD,5 Foot RED bypass 3/8 Hose with Garden Hose Fittings,,,missing
154,40018-5PK,"5 pack of walnut pads 6 x 9""",40018-5PK.png,C:\Codex\AZCS Inventory\Images\Tucker images\40018-5PK.png,copied
155,60007-5,5 Way 5/16 Push to Fit Divider (brush),60007-5.png,C:\Codex\AZCS Inventory\Images\Tucker images\60007-5.png,copied
156,60007,5/16 Push to Fit Divider (brush),60007.png,C:\Codex\AZCS Inventory\Images\Tucker images\60007.png,copied
157,60006,5/16 Push to Fit Wye(brush),60006.png,C:\Codex\AZCS Inventory\Images\Tucker images\60006.png,copied
158,63014,5/16 union,63014.png,C:\Codex\AZCS Inventory\Images\Tucker images\63014.png,copied
159,"5/16""-OD-TUCKER®-POLE-HOSE","5/16"" OD Tucker® Pole Hose",,,missing
160,TANK,50 gallon Tank,TANK.png,C:\Codex\AZCS Inventory\Images\Tucker images\TANK.png,copied
161,T-50HM-BARE,50' HM BARE POLE (no tips included),T-50HM-BARE.png,C:\Codex\AZCS Inventory\Images\Tucker images\T-50HM-BARE.png,copied
162,T-55-KIT,55' pole kit,T-55-KIT.png,C:\Codex\AZCS Inventory\Images\Tucker images\T-55-KIT.png,copied
163,T-SOLAR-MO,5-Stage Max Output Kit For Solar Panel Cleaning,T-SOLAR-MO.png,C:\Codex\AZCS Inventory\Images\Tucker images\T-SOLAR-MO.png,copied
164,TUCKER-6-X-9-WALNUT-PAD,"6 x 9"" walnut pad",40018.png,C:\Codex\AZCS Inventory\Images\Tucker images\40018.png,copied
165,SORBO-S1261,"6"" Quicksilver Channel 90 degree w/ end clips",SORBO-S1261.png,C:\Codex\AZCS Inventory\Images\Tucker images\SORBO-S1261.png,copied
166,T-60-KIT,60' pole kit,T-60-KIT.png,C:\Codex\AZCS Inventory\Images\Tucker images\T-60-KIT.png,copied
167,T-65-KIT,65' pole kit,T-65-KIT.png,C:\Codex\AZCS Inventory\Images\Tucker images\T-65-KIT.png,copied
168,T-70-KIT,70' pole kit,T-70-KIT.png,C:\Codex\AZCS Inventory\Images\Tucker images\T-70-KIT.png,copied
169,T-GN-V1,Adjustable Tucker Gooseneck,T-GN-V1.png,C:\Codex\AZCS Inventory\Images\Tucker images\T-GN-V1.png,copied
170,T-GN-V2,Adjustable Tucker Gooseneck w/ Quick Release for #1 Clamp,T-GN-V2.png,C:\Codex\AZCS Inventory\Images\Tucker images\T-GN-V2.png,copied
171,ALPHA-SCRUBBER-PADS-│-10-PACK-REPLACEMENTS,Alpha Scrubber Pads │ 10 Pack Replacements,ALPHA-SCRUBBER-PADS-│-10-PACK-REPLACEMENTS.png,C:\Codex\AZCS Inventory\Images\Tucker images\ALPHA-SCRUBBER-PADS-│-10-PACK-REPLACEMENTS.png,copied
172,T-ACME-TIP-ALUMINUM,Aluminum Acme Tip for #1 Clamp,T-ACME-TIP-ALUMINUM.jpeg,C:\Codex\AZCS Inventory\Images\Tucker images\T-ACME-TIP-ALUMINUM.jpeg,copied
173,T-50-AUX,Auxiliary 50 Gallon Tucker Tank,T-50-AUX.png,C:\Codex\AZCS Inventory\Images\Tucker images\T-50-AUX.png,copied
174,T-CLAMPBARREL,Barrel only for aluminum clamp body,T-CLAMPBARREL.png,C:\Codex\AZCS Inventory\Images\Tucker images\T-CLAMPBARREL.png,copied
175,12013,Battery Hold-Down,12013.png,C:\Codex\AZCS Inventory\Images\Tucker images\12013.png,copied
176,T-TW-BNDL,BOAB / Pouch Bundle,T-TW-BNDL.png,C:\Codex\AZCS Inventory\Images\Tucker images\T-TW-BNDL.png,copied
177,12032BOOST,Boost Pump w/ ELBOWS,12032BOOST.png,C:\Codex\AZCS Inventory\Images\Tucker images\12032BOOST.png,copied
178,RHG-P0106,Bracket - SED/CAR,RHG-P0106.jpeg,C:\Codex\AZCS Inventory\Images\Tucker images\RHG-P0106.jpeg,copied
179,T-VALVE-BRACKET,Bracket for Bypass Valve,T-VALVE-BRACKET.jpeg,C:\Codex\AZCS Inventory\Images\Tucker images\T-VALVE-BRACKET.jpeg,copied
180,BRACKET-WIDECLAMP,Bracket for Saddle Clamp,BRACKET-WIDECLAMP.jpeg,C:\Codex\AZCS Inventory\Images\Tucker images\BRACKET-WIDECLAMP.jpeg,copied
181,T-GHS-BRASS,Brass Garden Hose Splitter,T-GHS-BRASS.png,C:\Codex\AZCS Inventory\Images\Tucker images\T-GHS-BRASS.png,copied
182,T-9/10BR-CF,Butt Ring for Tucker CF Pole-Fits Sec 9 and 10,,,missing
183,T-1000-003,CARBON Filter Bracket,T-1000-003.jpeg,C:\Codex\AZCS Inventory\Images\Tucker images\T-1000-003.jpeg,copied
184,90100-CF-EXT,CF Pole Extension,90100-CF-EXT.png,C:\Codex\AZCS Inventory\Images\Tucker images\90100-CF-EXT.png,copied
185,63042,"Check Valve 1/2""",63042.png,C:\Codex\AZCS Inventory\Images\Tucker images\63042.png,copied
186,20062-SS-C,"Clamp/Hardware for 4"" SS housing",20062-SS-C.png,C:\Codex\AZCS Inventory\Images\Tucker images\20062-SS-C.png,copied
187,12021-C,Cobra Clamps,12021-C.jpeg,C:\Codex\AZCS Inventory\Images\Tucker images\12021-C.jpeg,copied
188,SORBO-SQ10-FXD,"Complete Squeegee w/ Fixed Handle & Quicksilver Channel - 10""",SORBO-SQ10-FXD.jpeg,C:\Codex\AZCS Inventory\Images\Tucker images\SORBO-SQ10-FXD.jpeg,copied
189,SORBO-SQ14-FXD,"Complete Squeegee w/ Fixed Handle & Quicksilver Channel - 14""",SORBO-SQ14-FXD.jpeg,C:\Codex\AZCS Inventory\Images\Tucker images\SORBO-SQ14-FXD.jpeg,copied
190,SORBO-SQ18-FXD,"Complete Squeegee w/ Fixed Handle & Quicksilver Channel - 18""",SORBO-SQ18-FXD.jpeg,C:\Codex\AZCS Inventory\Images\Tucker images\SORBO-SQ18-FXD.jpeg,copied
191,SORBO-SQ6-FXD,"Complete Squeegee w/ Fixed Handle & Quicksilver Channel - 6""",SORBO-SQ6-FXD.jpeg,C:\Codex\AZCS Inventory\Images\Tucker images\SORBO-SQ6-FXD.jpeg,copied
192,SORBO-SQ10-SWV,"Complete Squeegee w/ Swivel Handle & Quicksilver Channel - 10""",SORBO-SQ10-SWV.jpeg,C:\Codex\AZCS Inventory\Images\Tucker images\SORBO-SQ10-SWV.jpeg,copied
193,SORBO-SQ14-SWV,"Complete Squeegee w/ Swivel Handle & Quicksilver Channel - 14""",SORBO-SQ14-SWV.jpeg,C:\Codex\AZCS Inventory\Images\Tucker images\SORBO-SQ14-SWV.jpeg,copied
194,SORBO-SQ18-SWV,"Complete Squeegee w/ Swivel Handle & Quicksilver Channel - 18""",SORBO-SQ18-SWV.jpeg,C:\Codex\AZCS Inventory\Images\Tucker images\SORBO-SQ18-SWV.jpeg,copied
195,SORBO-SQ6-SWV,"Complete Squeegee w/ Swivel Handle & Quicksilver Channel - 6""",SORBO-SQ6-SWV.jpeg,C:\Codex\AZCS Inventory\Images\Tucker images\SORBO-SQ6-SWV.jpeg,copied
196,T-1000-004,DI Filter Bracket,T-1000-004.png,C:\Codex\AZCS Inventory\Images\Tucker images\T-1000-004.png,copied
197,20066-DI,DI Insert for 30in DI Housing,20066-DI.png,C:\Codex\AZCS Inventory\Images\Tucker images\20066-DI.png,copied
198,20016,DI Refill Bags 2,20016.png,C:\Codex\AZCS Inventory\Images\Tucker images\20016.png,copied
199,80004-PLUS,Digital Flow Controller w/ antenna,80004-PLUS.png,C:\Codex\AZCS Inventory\Images\Tucker images\80004-PLUS.png,copied
200,20051-RO,DISCONTINUED - 21in Max-Flow Reverse Osmosis Membrane,20051-RO.png,C:\Codex\AZCS Inventory\Images\Tucker images\20051-RO.png,copied
201,10070-12-REMOTE,DIY Delivery Panel w/ Remote,10070-12-REMOTE.png,C:\Codex\AZCS Inventory\Images\Tucker images\10070-12-REMOTE.png,copied
202,10070-BOOST,DIY RO BOOST PANEL,10070-BOOST.jpeg,C:\Codex\AZCS Inventory\Images\Tucker images\10070-BOOST.jpeg,copied
203,80006-W/TEES,"Dual Probe TDS Meter DM2, 1/2 Tees",,,missing
204,T-5BR-CF,End Cap for 25' Tucker Carbon Fiber Pole,T-5BR-CF.png,C:\Codex\AZCS Inventory\Images\Tucker images\T-5BR-CF.png,copied
205,T-7BR-CF,End Cap for 35' Tucker Carbon Fiber Pole,T-7BR-CF.png,C:\Codex\AZCS Inventory\Images\Tucker images\T-7BR-CF.png,copied
206,T-9BR-CF,End Cap for 50' Tucker Carbon Fiber Pole,T-9BR-CF.png,C:\Codex\AZCS Inventory\Images\Tucker images\T-9BR-CF.png,copied
207,T-10BR-CF,End Cap for 60' Tucker Carbon Fiber Pole,T-10BR-CF.png,C:\Codex\AZCS Inventory\Images\Tucker images\T-10BR-CF.png,copied
208,T-3BR-CF,End Cap for ECO-15,T-3BR-CF.png,C:\Codex\AZCS Inventory\Images\Tucker images\T-3BR-CF.png,copied
209,T-4BR-CF,End Cap for Tucker Carbon Fiber Pole,T-4BR-CF.png,C:\Codex\AZCS Inventory\Images\Tucker images\T-4BR-CF.png,copied
210,T-SOCKET-90,"EURO Brush Socket, Black",T-SOCKET-90.png,C:\Codex\AZCS Inventory\Images\Tucker images\T-SOCKET-90.png,copied
211,T-DIAL-ASSEMBLY,EZ Dial Clamp Adjuster,T-DIAL-ASSEMBLY.png,C:\Codex\AZCS Inventory\Images\Tucker images\T-DIAL-ASSEMBLY.png,copied
212,20001-E-UGK,EZ RO Conversion kit,20001-E-UGK.png,C:\Codex\AZCS Inventory\Images\Tucker images\20001-E-UGK.png,copied
213,T-GN-ADJ-FEMALE,Female end of adjustable Tucker Gooseneck,T-GN-ADJ-FEMALE.png,C:\Codex\AZCS Inventory\Images\Tucker images\T-GN-ADJ-FEMALE.png,copied
214,T-FG-EXT-WC,FG Pole Extension #10 Section,T-FG-EXT-WC.png,C:\Codex\AZCS Inventory\Images\Tucker images\T-FG-EXT-WC.png,copied
215,10041-KIT,Fitting Kit,10041-KIT.png,C:\Codex\AZCS Inventory\Images\Tucker images\10041-KIT.png,copied
216,T-CART-REPAIR-KIT,Fittings Repair Kit,T-CART-REPAIR-KIT.png,C:\Codex\AZCS Inventory\Images\Tucker images\T-CART-REPAIR-KIT.png,copied
217,T-FUNNEL,Funnel for resin tank refill 10X2,T-FUNNEL.png,C:\Codex\AZCS Inventory\Images\Tucker images\T-FUNNEL.png,copied
218,60040,Garden Hose Quick Connect FEMALE w/ valve,60040.png,C:\Codex\AZCS Inventory\Images\Tucker images\60040.png,copied
219,12026,GFCI Plug,12026.png,C:\Codex\AZCS Inventory\Images\Tucker images\12026.png,copied
220,UGK-20ALPHA-SOLAR-GL,Glide Bristle Upgrade For 20 Alpha Solar,UGK-20ALPHA-SOLAR-GL.png,C:\Codex\AZCS Inventory\Images\Tucker images\UGK-20ALPHA-SOLAR-GL.png,copied
221,T-KNOB-ASY,Gooseneck Knob Assembly,T-KNOB-ASY.png,C:\Codex\AZCS Inventory\Images\Tucker images\T-KNOB-ASY.png,copied
222,T-BOAB-GRY,Grey Bucket on a Belt,T-BOAB-GRY.png,C:\Codex\AZCS Inventory\Images\Tucker images\T-BOAB-GRY.png,copied
223,T-20-MOBI-C,H2Go w/ Remote,T-20-MOBI-C.jpeg,C:\Codex\AZCS Inventory\Images\Tucker images\T-20-MOBI-C.jpeg,copied
224,10041-110V-SS,H2PRO 3 Stage (110v),10041-110V-SS.png,C:\Codex\AZCS Inventory\Images\Tucker images\10041-110V-SS.png,copied
225,T-H2PRO-DIS-REPLACEMENT,H2PRO DI Saver Replacement,T-H2PRO-DIS-REPLACEMENT.jpeg,C:\Codex\AZCS Inventory\Images\Tucker images\T-H2PRO-DIS-REPLACEMENT.jpeg,copied
