Batch Number,Batch Row,Square Token,Reference Handle,SKU,Square Item Name,Square Variation Name,Catalog Item Name,Customer-facing Name,Reporting Category,Default Vendor Name,Local Image Filename,Local Image Relative Path,Local Image Absolute Path,Website Image URL
1,1,J2J5EXRW6NW4ZXW6QMVPT3U2,#-crated-spot-free-ro-di-50-gallon-dual-user-150-,T-50-PRO-DU-150,*CRATED* Spot Free RO/DI 50 Gallon Dual User 150,,Spot Free RO/DI 50 Gallon Dual User 150,Tucker® Fill N Go - Dual User,Tucker,Tucker,T-50-PRO-DU-150.jpeg,Images\Tucker images\T-50-PRO-DU-150.jpeg,C:\Codex\AZCS Inventory\Images\Tucker images\T-50-PRO-DU-150.jpeg,https://cdn.shopify.com/s/files/1/0558/4191/4998/products/tucker-fill-n-go-dual-user-263640.jpg?v=1746393039
1,2,EMX3BLVNGRGJ24JVNMETGRAO,#-crated-spot-free-ro-di-50-gallon-single-user-150-,T-50-PRO-SU-150,*CRATED* Spot Free RO/DI 50 Gallon Single User 150,,Spot Free RO/DI 50 Gallon Single User 150,Tucker® Fill N Go - Single User,Tucker,Tucker,T-50-PRO-SU-150.jpeg,Images\Tucker images\T-50-PRO-SU-150.jpeg,C:\Codex\AZCS Inventory\Images\Tucker images\T-50-PRO-SU-150.jpeg,https://cdn.shopify.com/s/files/1/0558/4191/4998/products/tucker-fill-n-go-single-user-127937.jpg?v=1746393046
1,3,W43LVB6EVOVUABBFCXOQ2CWT,#0-160-psi-pressure-gauge-liquid-filled-,12003-A,0-160 psi Pressure Gauge ..Liquid Filled,,0-160 psi Pressure Gauge Liquid Filled,Pressure Gauge,Tucker,Tucker,12003-A.png,Images\Tucker images\12003-A.png,C:\Codex\AZCS Inventory\Images\Tucker images\12003-A.png,https://cdn.shopify.com/s/files/1/0558/4191/4998/files/pressure-gauge-9660458.png?v=1771283594
1,4,JOPTY6DCOA3X6D7OELYJS6NY,#1-cubic-foot-of-tucker-di-resin-in-bucket-,20007,1 cubic foot of Tucker DI resin in Bucket,,1 cubic foot of Tucker DI resin in Bucket,One Cubic Foot of Virgin DI Resin,Tucker,Tucker,20007.png,Images\Tucker images\20007.png,C:\Codex\AZCS Inventory\Images\Tucker images\20007.png,https://cdn.shopify.com/s/files/1/0558/4191/4998/files/one-cubic-foot-of-virgin-di-resin-809381.jpg?v=1746392946
1,5,WWUWBOZOTIN6LI5GTOK5YRHH,#1-2-black-tubing-per-10-foot-length--,60027-10,1/2 Black Tubing (per 10 foot length),,1/2 Black Tubing (per 10 foot length),"Tucker® Black Tuff Tubing 1/2"" OD (10 foot each)",Tucker,Tucker,60027-10.png,Images\Tucker images\60027-10.png,C:\Codex\AZCS Inventory\Images\Tucker images\60027-10.png,https://cdn.shopify.com/s/files/1/0558/4191/4998/products/tucker-black-tuff-tubing-12-od-10-foot-each-585342.jpg?v=1746392704
1,6,5HU5ABIHBVKNEF2JUOYBGU5H,#1-2-brass-nipple-close-,63016,1/2 Brass Nipple Close,,1/2 Brass Nipple Close,1/2 Brass Nipple Close,Tucker,Tucker,63016.png,Images\Tucker images\63016.png,C:\Codex\AZCS Inventory\Images\Tucker images\63016.png,https://cdn.shopify.com/s/files/1/0558/4191/4998/files/12-brass-nipple-close-629737.jpg?v=1746392140
1,7,RJWJVJQN6FSOVZUONK7M5Q6L,#1-2-brass-plug-,63017,1/2 Brass Plug,,1/2 Brass Plug,1/2 Brass Plug,Tucker,Tucker,63017.png,Images\Tucker images\63017.png,C:\Codex\AZCS Inventory\Images\Tucker images\63017.png,https://cdn.shopify.com/s/files/1/0558/4191/4998/files/12-brass-plug-7381081.png?v=1752311550
1,8,FWUL5PUGLRNPI3RKBA5WQ7N4,#1-2-brass-street-elbow-,63005,1/2 Brass Street Elbow,,1/2 Brass Street Elbow,1/2 Brass Street Elbow,Tucker,Tucker,63005.png,Images\Tucker images\63005.png,C:\Codex\AZCS Inventory\Images\Tucker images\63005.png,
1,9,YIMFIRZKD2AVYQ7S3TCCTSBQ,#1-2-brass-tee-,63020,1/2 Brass Tee,,1/2 Brass Tee,1/2 Brass Tee,Tucker,Tucker,63020.png,Images\Tucker images\63020.png,C:\Codex\AZCS Inventory\Images\Tucker images\63020.png,
1,10,6BEJDUKQZGUQYM5B44S3ZFGH,#1-2-cubic-foot-of-tucker-di-resin-in-bucket-,20007.5,1/2 cubic foot of Tucker DI resin in Bucket,,1/2 cubic foot of Tucker DI resin in Bucket,One Half Cubic Foot of Virgin DI Resin,Tucker,Tucker,20007.5.png,Images\Tucker images\20007.5.png,C:\Codex\AZCS Inventory\Images\Tucker images\20007.5.png,https://cdn.shopify.com/s/files/1/0558/4191/4998/files/one-half-cubic-foot-of-virgin-di-resin-615372.jpg?v=1746392670
1,11,BFCKH5PRAC62RVXRHCGSZI7J,#1-2-elbow-threaded-brass-fnpt--,62027,1/2 Elbow Threaded BRASS (FNPT)..,,1/2 Elbow Threaded BRASS (FNPT),1/2 Elbow Threaded BRASS (FNPT),Tucker,Tucker,62027.png,Images\Tucker images\62027.png,C:\Codex\AZCS Inventory\Images\Tucker images\62027.png,
1,12,7SS7AU24NVQXU267VT7KGJYS,#1-2-female-x-3-4-female-ght-,63009,1/2 female x 3/4 female GHT,,1/2 female x 3/4 female GHT,"1/2"" FNPT x FGH Swivel Inlet",Tucker,Tucker,63009.png,Images\Tucker images\63009.png,C:\Codex\AZCS Inventory\Images\Tucker images\63009.png,https://cdn.shopify.com/s/files/1/0558/4191/4998/files/12-fnpt-x-fgh-swivel-inlet-247483.jpg?v=1746392867
1,13,TZF4FYXRR5CCFSIFV67CGD45,#1-2-female-x-3-4-male-ght-,63010,1/2 female x 3/4 male GHT,,1/2 female x 3/4 male GHT,"Outlet 1/2"" FNPT x 3/4"" MGHT",Tucker,Tucker,63010.png,Images\Tucker images\63010.png,C:\Codex\AZCS Inventory\Images\Tucker images\63010.png,https://cdn.shopify.com/s/files/1/0558/4191/4998/products/12-fnpt-x-34-mght-318831.jpg?v=1746392877
1,14,IPBTG2L3C5O3IDSX7FRMN5LW,#1-2-hp-motor-dual-phase-,12023,1/2 hp Motor Dual Phase,,1/2 hp Motor Dual Phase,1/2 hp Motor Dual Phase,Tucker,Tucker,12023.png,Images\Tucker images\12023.png,C:\Codex\AZCS Inventory\Images\Tucker images\12023.png,
1,15,Z7EME2J2IUMLOBMSN7QSHOBX,#1-2-male-thread-x-1-2-ptf-metal-,62002-M,1/2 male thread x 1/2 PTF Metal,,1/2 male thread x 1/2 PTF Metal,1/2 male thread x 1/2 PTF Metal,Tucker,Tucker,62002-M.png,Images\Tucker images\62002-M.png,C:\Codex\AZCS Inventory\Images\Tucker images\62002-M.png,https://cdn.shopify.com/s/files/1/0558/4191/4998/products/12-mpt-x-12-ptf-496580.jpg?v=1746392894
1,16,JWZ5EIKRRUSPFFVO37TZXU2Z,#1-2-male-thread-x-1-2-ptf-plastic-,62002-P,1/2 male thread x 1/2 PTF Plastic,,1/2 male thread x 1/2 PTF Plastic,1/2 male thread x 1/2 PTF Plastic,Tucker,Tucker,62002-P.png,Images\Tucker images\62002-P.png,C:\Codex\AZCS Inventory\Images\Tucker images\62002-P.png,https://cdn.shopify.com/s/files/1/0558/4191/4998/files/12-mpt-x-12-ptf-plastic-524755.jpg?v=1746392675
1,17,MFGJ4LC2P2QXPSKBBTZSAZPT,#1-2-male-thread-x-3-4-male-ght-brass-,63008,1/2 male thread x 3/4 male GHT Brass,,1/2 male thread x 3/4 male GHT Brass,"1/2"" MNPT x 3/4"" MGHT",Tucker,Tucker,63008.png,Images\Tucker images\63008.png,C:\Codex\AZCS Inventory\Images\Tucker images\63008.png,https://cdn.shopify.com/s/files/1/0558/4191/4998/files/12-mnpt-x-34-mght-5372291.png?v=1752311854
1,18,PIV55KJB2TDQIIG6RSGWIPFD,#1-2-male-thread-x-3-8-ptf-,62028,1/2 Male Thread x 3/8 PTF,,1/2 Male Thread x 3/8 PTF,1/2 Male Thread x 3/8 PTF,Tucker,Tucker,62028.png,Images\Tucker images\62028.png,C:\Codex\AZCS Inventory\Images\Tucker images\62028.png,
1,19,3FT7I6CAMA5N65PSWPLC5MX6,#1-2-male-x-3-8-ptf-elbow-reducer-gam-,62013,1/2 male x 3/8 ptf elbow reducer GAM,,1/2 male x 3/8 ptf elbow reducer GAM,1/2 male x 3/8 ptf elbow reducer GAM,Tucker,Tucker,62013.png,Images\Tucker images\62013.png,C:\Codex\AZCS Inventory\Images\Tucker images\62013.png,
1,20,OWWAOXLEYPLEPEQES6P2VYIY,#1-2-mpt-x-fgh-swivel-,63032,1/2 MPT X FGH Swivel,,1/2 MPT X FGH Swivel,"1/2"" MPT X FGH Swivel Inlet",Tucker,Tucker,63032.png,Images\Tucker images\63032.png,C:\Codex\AZCS Inventory\Images\Tucker images\63032.png,https://cdn.shopify.com/s/files/1/0558/4191/4998/files/RHG-58.jpg?v=1746392864
1,21,GVWXFRQYAU5KILYFWHHZJU2G,#1-2-plug-for-ptf-,20008,1/2 Plug for PTF,,4in x 10in Sediment Filter,4in x 10in Sediment Filter,Tucker,Tucker,20008.png,Images\Tucker images\20008.png,C:\Codex\AZCS Inventory\Images\Tucker images\20008.png,https://cdn.shopify.com/s/files/1/0558/4191/4998/files/4in-x-10in-sediment-filter-5845327.png?v=1753306187
1,22,KX5LWNIJE4XSTASUNVNR4STQ,#1-2-y-divider-,12032-ELBOW,1/2 Y Divider,,1/2 femail ptf to 1/2 male ptf elbow,12 volt RO Boost Pump Elbow,Tucker,Tucker,12032-ELBOW.png,Images\Tucker images\12032-ELBOW.png,C:\Codex\AZCS Inventory\Images\Tucker images\12032-ELBOW.png,https://cdn.shopify.com/s/files/1/0558/4191/4998/products/12-volt-ro-boost-pump-elbow-971061.jpg?v=1746393107
1,23,R7LHFTQL2CUGHE6LKNUHHVP5,#1-2-male-npt-x-1-2-ptf-swiveling-elbow-,62051,"1/2"" male NPT x 1/2"" PTF swiveling Elbow",,"1/2"" male NPT x 1/2"" PTF swiveling Elbow","1/2"" Male NPT x 1/2"" PTF Swiveling Elbow",Tucker,Tucker,62051.png,Images\Tucker images\62051.png,C:\Codex\AZCS Inventory\Images\Tucker images\62051.png,https://cdn.shopify.com/s/files/1/0558/4191/4998/products/12-male-npt-x-12-ptf-swiveling-elbow-549944.jpg?v=1746392524
1,24,OUPMFQ2E6LW3UNZOO5EGYLCH,#1-2-ptf-tee-fitting-,62004,1/2' PTF Tee Fitting,,1/2' PTF Tee Fitting,1/2' PTF Tee Fitting,Tucker,Tucker,62004.png,Images\Tucker images\62004.png,C:\Codex\AZCS Inventory\Images\Tucker images\62004.png,https://cdn.shopify.com/s/files/1/0558/4191/4998/files/RHG-69.jpg?v=1746392872
1,25,U7KD3MGEW32HZVUVACNAPOUM,#1-2-x-1-2-brass-riser-,63045,1/2? X 1/2? Brass RISER,,"1/2"" X 1/2"" Brass RISER","1/2"" X 1/2"" Brass RISER",Tucker,Tucker,63045.png,Images\Tucker images\63045.png,C:\Codex\AZCS Inventory\Images\Tucker images\63045.png,https://cdn.shopify.com/s/files/1/0558/4191/4998/files/12-x-12-brass-riser-381610.png?v=1747822942
1,26,6DS4X5TPV2Z4ZO6YRITSETCX,#1-2in-stem-x-1-2in-ptf-plastic-elbow-,62001,1/2in  stem x 1/2in ptf Plastic ELBOW,,1/2in stem x 1/2in ptf Plastic ELBOW,"1/2"" Stem x 1/2"" PTF Elbow",Tucker,Tucker,62001.png,Images\Tucker images\62001.png,C:\Codex\AZCS Inventory\Images\Tucker images\62001.png,https://cdn.shopify.com/s/files/1/0558/4191/4998/files/12-stem-x-12-ptf-elbow-692545.jpg?v=1746392880
1,27,YOEEYOHSSME5HB66KYOKD7WO,#1-2in-brass-threaded-coupling-,63028,1/2in Brass Threaded Coupling,,1/2in Brass Threaded Coupling,1/2in Brass Threaded Coupling,Tucker,Tucker,63028.png,Images\Tucker images\63028.png,C:\Codex\AZCS Inventory\Images\Tucker images\63028.png,
1,28,YGY7ZJ26YIVDQVEGW7A4CLIN,#1-2in-male-thread-x-1-2in-ptf-elbow-,62010,1/2in male thread x 1/2in PTF Elbow,,1/2in male thread x 1/2in PTF Elbow,1/2in male thread x 1/2in PTF Elbow,Tucker,Tucker,62010.png,Images\Tucker images\62010.png,C:\Codex\AZCS Inventory\Images\Tucker images\62010.png,
1,29,DXHRXZQ3JLGJIDDB6LXTTMRC,#1-2in-stem-x-3-8in-barb-45-deg-,63031,1/2in Stem x 3/8in Barb 45 deg,,1/2in Stem x 3/8in Barb 45 deg,1/2in Stem x 3/8in Barb 45 deg,Tucker,Tucker,63031.png,Images\Tucker images\63031.png,C:\Codex\AZCS Inventory\Images\Tucker images\63031.png,https://cdn.shopify.com/s/files/1/0558/4191/4998/files/12in-stem-x-38in-barb-45-deg-134014.png?v=1747822943
1,30,DKLOY7LIPLUX7XDV7ACTYKHW,#1-2in-x-3-8in-brass-face-bushing-,63029,1/2in x 3/8in Brass Face Bushing,,1/2in x 3/8in Brass Face Bushing,1/2in x 3/8in Brass Face Bushing,Tucker,Tucker,63029.png,Images\Tucker images\63029.png,C:\Codex\AZCS Inventory\Images\Tucker images\63029.png,
1,31,6O5MDSJPAFKOIACG3E3VA7RW,#2-piece-ext-kit-w-sec-eco-6-and-eco-7-,ECO-40-EXT,2 Piece Ext Kit w/ Sec ECO-6 and ECO-7,,2 Piece Ext Kit w/ Sec ECO-6 and ECO-7,2 Piece Extension Kit for 30,Tucker,Tucker,ECO-40-EXT.png,Images\Tucker images\ECO-40-EXT.png,C:\Codex\AZCS Inventory\Images\Tucker images\ECO-40-EXT.png,https://cdn.shopify.com/s/files/1/0558/4191/4998/products/2-piece-extension-kit-for-eco-30-472040.jpg?v=1746392514
1,32,YUZDLGQQ2TIB7H4DE3T6EJPP,#2-piece-ext-kit-w-sec-eco-8-and-eco-9-,ECO-50-EXT,2 Piece Ext Kit w/ Sec ECO-8 and ECO-9,,2 Piece Ext Kit w/ Sec ECO-8 and ECO-9,2 Piece Extension Kit for Tucker® 40,Tucker,Tucker,ECO-50-EXT.png,Images\Tucker images\ECO-50-EXT.png,C:\Codex\AZCS Inventory\Images\Tucker images\ECO-50-EXT.png,https://cdn.shopify.com/s/files/1/0558/4191/4998/products/2-piece-extension-kit-for-eco-40-532215.jpg?v=1746392517
1,33,ZL7HNJWRCEQRFTFDULQIVRDC,#2-piece-extension-for-eco-mini-,ECO-MINI-EXT,2 Piece Extension for ECO-MINI,,2 Piece Extension for ECO-MINI,Tucker® - MINI Extension,Tucker,Tucker,ECO-MINI-EXT.png,Images\Tucker images\ECO-MINI-EXT.png,C:\Codex\AZCS Inventory\Images\Tucker images\ECO-MINI-EXT.png,https://cdn.shopify.com/s/files/1/0558/4191/4998/products/tucker-mini-extension-227103.jpg?v=1746392690
1,34,SGFD37YKZ4GZDA6WISXF2KQZ,#2-x10-velcro-strip-,V10X2,"2""x10"" Velcro Strip",,"2""x10"" Velcro Strip (Single strip)",SINGLE Replacement Velcro for Alpha Scrubber STD Size,Tucker,Tucker,V10X2.png,Images\Tucker images\V10X2.png,C:\Codex\AZCS Inventory\Images\Tucker images\V10X2.png,https://cdn.shopify.com/s/files/1/0558/4191/4998/products/replacement-velcro-for-alpha-scrubber-std-size-465515.jpg?v=1746392728
1,35,XXU52ZDCLYJDX3KO6KWHR3XM,#2-5in-x-10in-carbon-filter-,20026,2.5in x 10in Carbon Filter,,2.5in x 10in Carbon Filter,2.5in x 10in Carbon Filter,Tucker,Tucker,20026.png,Images\Tucker images\20026.png,C:\Codex\AZCS Inventory\Images\Tucker images\20026.png,https://cdn.shopify.com/s/files/1/0558/4191/4998/files/25in-x-10in-carbon-filter-3216207.png?v=1753306185
1,36,WE5NTNBNJHLSNK5UVKBGMMSH,#2-5in-x-10in-carbon-filter-chloramine-killer-,20026-CK,2.5in x 10in Carbon Filter / Chloramine Killer,,2.5in x 10in Carbon Filter / Chloramine Killer,2.5in x 10in Carbon Filter / Chloramine Killer,Tucker,Tucker,20026-CK.jpeg,Images\Tucker images\20026-CK.jpeg,C:\Codex\AZCS Inventory\Images\Tucker images\20026-CK.jpeg,https://cdn.shopify.com/s/files/1/0558/4191/4998/files/25in-x-10in-carbon-filter-chloramine-killer-1156201.jpg?v=1753306185
1,37,IX25QWFCTRWB6ENHMIZNFTGP,#21in-filter-insert-empty--,20051,21in Filter Insert (EMPTY),,21in Filter Insert (EMPTY),"4 x 21"" Filter Cartridge - Refillable",Tucker,Tucker,20051.png,Images\Tucker images\20051.png,C:\Codex\AZCS Inventory\Images\Tucker images\20051.png,https://cdn.shopify.com/s/files/1/0558/4191/4998/files/4-x-21-filter-cartridge-refillable-3531453.png?v=1771283659
1,38,NFQ4Q34OX5WRTFAG56BKXJS3,#21in-max-flow-reverse-osmosis-membrane-,20051-RO,21in Max-Flow Reverse Osmosis Membrane,,DISCONTINUED - 21in Max-Flow Reverse Osmosis Membrane,DISCONTINUED - 21in Max-Flow Reverse Osmosis Membrane,Tucker,Tucker,20051-RO.png,Images\Tucker images\20051-RO.png,C:\Codex\AZCS Inventory\Images\Tucker images\20051-RO.png,
1,39,RLBGAKNW5NCB3C5HYA26DRYA,#3-pack-of-filters-for-hydrocart-,20025-3,3 pack of filters for hydrocart,,3 pack of filters for hydrocart,3 pack of filters for hydrocart,Tucker,Tucker,20025-3.png,Images\Tucker images\20025-3.png,C:\Codex\AZCS Inventory\Images\Tucker images\20025-3.png,
1,40,VRIXEJNXBWRIWIAJM64ETZF7,#3-way-valve-smartwash-,62029,3 way Valve - SmartWash,,3 way Valve - SmartWash,3 way Valve - SmartWash,Tucker,Tucker,62029.png,Images\Tucker images\62029.png,C:\Codex\AZCS Inventory\Images\Tucker images\62029.png,https://cdn.shopify.com/s/files/1/0558/4191/4998/files/3-way-valve-smartwash-628091.png?v=1747822945
1,41,NJGBTVYG5YM22W3OBS5ELNVU,#3-4-fnptx-3-4-fght-brass-swivel-,63027,3/4 FNPTx 3/4 FGHT Brass Swivel,,3/4 FNPTx 3/4 FGHT Brass Swivel,3/4 FNPTx 3/4 FGHT Brass Swivel,Tucker,Tucker,63027.png,Images\Tucker images\63027.png,C:\Codex\AZCS Inventory\Images\Tucker images\63027.png,
1,42,7L7322J4XLSSFSUBWXT4XIZF,#3-4-x-1-2-reducer-bushing-,63024,3/4 x 1/2 Reducer Bushing,,3/4 x 1/2 Reducer Bushing,3/4 x 1/2 Reducer Bushing,Tucker,Tucker,63024.jpeg,Images\Tucker images\63024.jpeg,C:\Codex\AZCS Inventory\Images\Tucker images\63024.jpeg,https://cdn.shopify.com/s/files/1/0558/4191/4998/files/34-x-12-reducer-bushing-2336473.png?v=1752311550
1,43,TYHFEAHJ6UVQKY6SPKSZ7J5P,#3-4-x-3-4-mght-x-mpt-,63026,3/4 x 3/4 MGHT x MPT,,3/4 x 3/4 MGHT x MPT,3/4 x 3/4 MGHT x MPT,Tucker,Tucker,63026.png,Images\Tucker images\63026.png,C:\Codex\AZCS Inventory\Images\Tucker images\63026.png,https://cdn.shopify.com/s/files/1/0558/4191/4998/files/34-mpt-x-34-mght-254240.jpg?v=1746392875
1,44,HC7UBOF6PY6JLKIISACRXJGT,#3-8-barb-x-1-2-male-thread-,63001,3/8 barb x 1/2 male thread,,3/8 barb x 1/2 male thread,3/8 barb x 1/2 male thread,Tucker,Tucker,63001.png,Images\Tucker images\63001.png,C:\Codex\AZCS Inventory\Images\Tucker images\63001.png,
1,45,HMPSNEVPEM2G2RNAJGU4WNSA,#3-8-barb-x-1-4-male-thread-,63002,3/8 barb x 1/4 male thread,,3/8 barb x 1/4 male thread,3/8 barb x 1/4 male thread,Tucker,Tucker,63002.png,Images\Tucker images\63002.png,C:\Codex\AZCS Inventory\Images\Tucker images\63002.png,
1,46,FN4QEG63MKOKCH76ZGXAUFOK,#3-8-barb-x-3-4-female-ght-,63004,3/8 barb x 3/4 female GHT,,3/8 barb x 3/4 female GHT,3/8 barb x 3/4 female GHT,Tucker,Tucker,63004.png,Images\Tucker images\63004.png,C:\Codex\AZCS Inventory\Images\Tucker images\63004.png,https://cdn.shopify.com/s/files/1/0558/4191/4998/files/38-barb-x-34-female-ght-346145.png?v=1746392045
1,47,E3Y7IOQKKP66J7TJAFLOWD3O,#3-8-barb-x-3-4-male-ght-,63003,3/8 barb x 3/4 male GHT,,3/8 barb x 3/4 male GHT,3/8 barb x 3/4 male GHT,Tucker,Tucker,63003.png,Images\Tucker images\63003.png,C:\Codex\AZCS Inventory\Images\Tucker images\63003.png,https://cdn.shopify.com/s/files/1/0558/4191/4998/files/38-barb-x-34-male-ght-1301852.png?v=1753306130
1,48,R4WGMOZNSTOS4Q4KCHJQFMQ4,#3-8-male-x-3-8-barb-,63012,3/8 Male x 3/8 Barb,,3/8 Male x 3/8 Barb,"3/8"" Male x 3/8"" Barb",Tucker,Tucker,63012.png,Images\Tucker images\63012.png,C:\Codex\AZCS Inventory\Images\Tucker images\63012.png,https://cdn.shopify.com/s/files/1/0558/4191/4998/products/38-male-x-38-barb-720757.jpg?v=1746392487
1,49,52DLP67ROUDLBE22AXZZCEWR,#3-8-pipe-thread-x-1-2-ptf-,62024,3/8 Pipe Thread x 1/2 PTF,,3/8 Pipe Thread x 1/2 PTF,3/8 Pipe Thread x 1/2 PTF,Tucker,Tucker,62024.png,Images\Tucker images\62024.png,C:\Codex\AZCS Inventory\Images\Tucker images\62024.png,https://cdn.shopify.com/s/files/1/0558/4191/4998/files/38-pipe-thread-x-12-ptf-3726002.png?v=1753306131
1,50,LUIT24INFQ6M33PS6ZKB2T37,#3-8-ptf-x-1-4-ptf-reducer-,62006,3/8 PTF x 1/4 PTF Reducer,,3/8 PTF x 1/4 PTF Reducer,3/8 PTF x 1/4 PTF Reducer,Tucker,Tucker,62006.png,Images\Tucker images\62006.png,C:\Codex\AZCS Inventory\Images\Tucker images\62006.png,
1,51,PHOUANMRMJO5M4TAPRFLVFZS,#3-8-swivel-for-tucker-reel-,T-1935,3/8 Swivel for Tucker Reel,,3/8 Swivel for Tucker Reel,3/8 Swivel for Tucker Reel,Tucker,Tucker,T-1935.png,Images\Tucker images\T-1935.png,C:\Codex\AZCS Inventory\Images\Tucker images\T-1935.png,
1,52,3FYB3GBSGIV6M3VQUGQFDPRT,#3-8-x-1-2-ptf-gam-,63011,3/8 x 1/2 PTF GAM,,3/8 x 1/2 PTF GAM,3/8 x 1/2 PTF GAM,Tucker,Tucker,63011.png,Images\Tucker images\63011.png,C:\Codex\AZCS Inventory\Images\Tucker images\63011.png,
1,53,BFXKVO7LMX4GYR3PH7ZPO2PE,#3-8in-close-nipple-,63030,3/8in Close Nipple,,3/8in Close Nipple,3/8in Close Nipple,Tucker,Tucker,63030.png,Images\Tucker images\63030.png,C:\Codex\AZCS Inventory\Images\Tucker images\63030.png,
1,54,CSUTL2N7YYTWGSNSLVY3DWSL,#30-stainless-steel-housing-,20054-30-SS,"30"" Stainless Steel Housing",,"30"" Stainless Steel Housing","30"" Stainless Steel Housing",Tucker,Tucker,20054-30-SS.png,Images\Tucker images\20054-30-SS.png,C:\Codex\AZCS Inventory\Images\Tucker images\20054-30-SS.png,https://cdn.shopify.com/s/files/1/0558/4191/4998/files/30-stainless-steel-housing-137268.jpg?v=1746392197
1,55,QJGXFZOH35QPEVPFRZHETWJG,#30in-carbon-filter-insert-,20066-C,30in Carbon Filter Insert,,30in Carbon Filter Insert,"4 x 30"" Filter Cartridge - Carbon",Tucker,Tucker,20066-C.png,Images\Tucker images\20066-C.png,C:\Codex\AZCS Inventory\Images\Tucker images\20066-C.png,https://cdn.shopify.com/s/files/1/0558/4191/4998/files/4-x-30-filter-cartridge-carbon-3961844.png?v=1771283660
1,56,K3YRK2UZEG6XSQWIVXKC3TV6,#30in-filter-insert-empty--,20066,30in Filter Insert (EMPTY),,30in Filter Insert (EMPTY),"4 x 30"" Filter Cartridge - Refillable",Tucker,Tucker,20066.png,Images\Tucker images\20066.png,C:\Codex\AZCS Inventory\Images\Tucker images\20066.png,https://cdn.shopify.com/s/files/1/0558/4191/4998/files/4-x-30-filter-cartridge-refillable-7871270.png?v=1771283656
1,57,H4S47ETF2SMTD4ZS37FHQ45H,#30in-max-flow-custom-ro-membrane-,20066-RO,30in Max-Flow Custom RO Membrane,,30in Max-Flow Custom RO Membrane,"4 x 30"" Max-Flow Reverse Osmosis Membrane",Tucker,Tucker,20066-RO.png,Images\Tucker images\20066-RO.png,C:\Codex\AZCS Inventory\Images\Tucker images\20066-RO.png,https://cdn.shopify.com/s/files/1/0558/4191/4998/products/4-x-30-max-flow-reverse-osmosis-membrane-837497.jpg?v=1746392678
1,58,YRZNQLURYFJVAWPBHBCDOYZR,#4-stage-4060-kit-for-solar-panel-cleaning-,T-SOLAR-4060,4 Stage 4060 Kit for Solar Panel Cleaning,,4 Stage 4060 Kit for Solar Panel Cleaning,Tucker® Water Fed Pole Solar Panel Cleaning Kit w/ 4060,Tucker,Tucker,T-SOLAR-4060.png,Images\Tucker images\T-SOLAR-4060.png,C:\Codex\AZCS Inventory\Images\Tucker images\T-SOLAR-4060.png,https://cdn.shopify.com/s/files/1/0558/4191/4998/files/tucker-water-fed-pole-solar-panel-cleaning-kit-w-4060-5460982.jpg?v=1766560565
1,59,VR5FTVOOKFQJUSLDJK76TIGY,#4-stage-cart-upgrade-kits-,T-CART-UGK,4 Stage Cart Upgrade Kits,,4 Stage Cart Upgrade Kits,4 Stage Upgrade Kit,Tucker,Tucker,T-CART-UGK.jpeg,Images\Tucker images\T-CART-UGK.jpeg,C:\Codex\AZCS Inventory\Images\Tucker images\T-CART-UGK.jpeg,https://cdn.shopify.com/s/files/1/0558/4191/4998/products/4-stage-upgrade-kit-449429.jpg?v=1746392661
1,60,DBKTRWWYDFY3BS5PSM377CIF,#4-stage-rival-kit-for-solar-panel-cleaning-,T-SOLAR-RIVAL,4 Stage Rival Kit for Solar Panel Cleaning,,4 Stage Rival Kit for Solar Panel Cleaning,Tucker® Water Fed Pole Solar Panel Cleaning Kit w/ Rival - v2,Tucker,Tucker,T-SOLAR-RIVAL.png,Images\Tucker images\T-SOLAR-RIVAL.png,C:\Codex\AZCS Inventory\Images\Tucker images\T-SOLAR-RIVAL.png,https://cdn.shopify.com/s/files/1/0558/4191/4998/files/tucker-water-fed-pole-solar-panel-cleaning-kit-w-rival-v2-4382632.jpg?v=1766560565
1,61,MP3KAVBTO2A6WPCMOVZNWHQT,#4-x-10in-di-cartridge-blue-white-,20027,4 x 10in DI Cartridge..Blue/White,,4 x 10in DI Cartridge Blue/White,4 x 10in DI Cartridge Blue/White,Tucker,Tucker,20027.png,Images\Tucker images\20027.png,C:\Codex\AZCS Inventory\Images\Tucker images\20027.png,https://cdn.shopify.com/s/files/1/0558/4191/4998/files/45-x-10-di-filter-580290.jpg?v=1746392980
1,62,GDOFHO56Q2KU75WYWEPKD6W4,#40-stainless-steel-housing-,20054-40-SS,"40"" Stainless Steel Housing",,"40"" Stainless Steel Housing","40"" Stainless Steel Housing",Tucker,Tucker,20054-40-SS.png,Images\Tucker images\20054-40-SS.png,C:\Codex\AZCS Inventory\Images\Tucker images\20054-40-SS.png,https://cdn.shopify.com/s/files/1/0558/4191/4998/files/40-stainless-steel-housing-899722.jpg?v=1746392201
1,63,4NRBJABNHII4IGXJOWZRHKAF,#40in-carbon-insert-,20013-C,40in Carbon Insert,,40in Carbon Insert,"4 x 40"" Filter Cartridge - Carbon",Tucker,Tucker,20013-C.png,Images\Tucker images\20013-C.png,C:\Codex\AZCS Inventory\Images\Tucker images\20013-C.png,https://cdn.shopify.com/s/files/1/0558/4191/4998/files/4-x-40-filter-cartridge-carbon-1856023.png?v=1771283657
1,64,LNFAGWDL5ELOHM4IALJZVENC,#40in-cartridge-empty-,20013,40in Cartridge EMPTY,,40in Cartridge EMPTY,"4 x 40"" Filter Cartridge - Refillable",Tucker,Tucker,20013.png,Images\Tucker images\20013.png,C:\Codex\AZCS Inventory\Images\Tucker images\20013.png,https://cdn.shopify.com/s/files/1/0558/4191/4998/products/4-x-40-filter-cartridge-refillable-960918.jpg?v=1746392954
1,65,BURN4DA2DC2XF5Z2IRJBNNPB,#40in-di-cartridge-,20013-D,40in DI Cartridge,,40in DI Cartridge,"4 x 40"" Filter Cartridge - DI Resin",Tucker,Tucker,20013-D.png,Images\Tucker images\20013-D.png,C:\Codex\AZCS Inventory\Images\Tucker images\20013-D.png,https://cdn.shopify.com/s/files/1/0558/4191/4998/files/4-x-40-filter-cartridge-di-resin-1277752.png?v=1771283660
1,66,TG5WJND7POD6M23OTDYCRAGX,#4in-brine-seal-,21009,4in Brine Seal,,4in Brine Seal,4in Brine Seal,Tucker,Tucker,21009.jpeg,Images\Tucker images\21009.jpeg,C:\Codex\AZCS Inventory\Images\Tucker images\21009.jpeg,https://cdn.shopify.com/s/files/1/0558/4191/4998/files/4in-brine-seal-1783117.png?v=1765980427
1,67,QLOSGMGDE4ALD7GHYNX2PTOD,#4in-filter-wrench-regular,20036,4in Filter Wrench,Regular,4in Filter Wrench,4 Inch Filter Wrench,Tucker,Tucker,20036.png,Images\Tucker images\20036.png,C:\Codex\AZCS Inventory\Images\Tucker images\20036.png,https://cdn.shopify.com/s/files/1/0558/4191/4998/products/4-inch-filter-wrench-832358.jpg?v=1746392755
1,68,Q7LI542DFR4S45SBCLGW6DMG,#4in-x-10in-carbon-filter-,20009,4in x 10in Carbon Filter,,4in x 10in Carbon Filter,4in x 10in Carbon Filter,Tucker,Tucker,20009.png,Images\Tucker images\20009.png,C:\Codex\AZCS Inventory\Images\Tucker images\20009.png,https://cdn.shopify.com/s/files/1/0558/4191/4998/files/4in-x-10in-carbon-filter-3404788.png?v=1753306186
1,69,RJ7CFFCXR4OHHFMDTM5SHLZJ,#4in-x-10in-grey-housing-3-4-fnpt-,20040,4in x 10in Grey Housing 3/4 FNPT,,4in x 10in Grey Housing 3/4 FNPT,"4.5"" x 10"" Filter Housing",Tucker,Tucker,20040.png,Images\Tucker images\20040.png,C:\Codex\AZCS Inventory\Images\Tucker images\20040.png,https://cdn.shopify.com/s/files/1/0558/4191/4998/products/45-x-10-filter-housing-796345.jpg?v=1746392859
1,70,HXE7VXNBLMFHPHXVCWD4DVZH,#4in-x-20in-housing-grey-3-4-fnpt-,20041,4in x 20in Housing Grey 3/4 FNPT,,4in x 20in Housing Grey 3/4 FNPT,4in x 20in Housing Grey 3/4 FNPT,Tucker,Tucker,20041.png,Images\Tucker images\20041.png,C:\Codex\AZCS Inventory\Images\Tucker images\20041.png,
1,71,UU7NPFWASYLVZMHWTBH3J56Q,#4in-x-20in-refillable-cartridge-empty-blue-white-,20014,4in x 20in Refillable Cartridge Empty..Blue/White,,4in x 20in Refillable Cartridge Empty Blue/White,4in x 20in Refillable Cartridge Empty..Blue/White,Tucker,Tucker,20014.png,Images\Tucker images\20014.png,C:\Codex\AZCS Inventory\Images\Tucker images\20014.png,https://cdn.shopify.com/s/files/1/0558/4191/4998/files/4in-x-20in-refillable-cartridge-emptybluewhite-7303265.png?v=1753306186
1,72,NNOWKCLOJ3B4Q3KYODBRQKC6,#4in-x10in-re-fillable-empty-blue-white-,20029,4in x10in Re-Fillable Empty..Blue/White,,4in x10in Re-Fillable Empty Blue/White,"Empty 4.5 x 10"" Refillable Filter",Tucker,Tucker,20029.png,Images\Tucker images\20029.png,C:\Codex\AZCS Inventory\Images\Tucker images\20029.png,https://cdn.shopify.com/s/files/1/0558/4191/4998/files/empty-45-x-10-refillable-filter-967874.jpg?v=1746393001
1,73,YAPZYRR7WFTAPVUM3F4G5YF2,#4x21-carbon-cartridge-,20051-C,4x21 Carbon Cartridge,,4x21 Carbon Cartridge,"4 x 21"" Filter Cartridge - Carbon",Tucker,Tucker,20051-C.png,Images\Tucker images\20051-C.png,C:\Codex\AZCS Inventory\Images\Tucker images\20051-C.png,https://cdn.shopify.com/s/files/1/0558/4191/4998/files/4-x-21-filter-cartridge-carbon-9288002.png?v=1771283659
1,74,SPWHGCX33ZTV2GPEYF7PWL2Q,#4x21-di-cartridge-,20051-D,4x21 DI Cartridge,,4x21 DI Cartridge,"4 x 21"" Filter Cartridge - DI Resin",Tucker,Tucker,20051-D.png,Images\Tucker images\20051-D.png,C:\Codex\AZCS Inventory\Images\Tucker images\20051-D.png,https://cdn.shopify.com/s/files/1/0558/4191/4998/files/4-x-21-filter-cartridge-di-resin-9037326.png?v=1771283662
1,75,7DJSXVLR2QPLTK7P7HO7LBRJ,#5-pack-of-walnut-pads-6-x-9--,40018-5PK,"5 pack of walnut pads 6 x 9""",,"5 pack of walnut pads 6 x 9""","5 pack of walnut pads 6 x 9""",Tucker,Tucker,40018-5PK.png,Images\Tucker images\40018-5PK.png,C:\Codex\AZCS Inventory\Images\Tucker images\40018-5PK.png,https://cdn.shopify.com/s/files/1/0558/4191/4998/files/5-pack-of-walnut-pads-6-x-9-9012936.webp?v=1753306142
1,76,KPZE7PUCSHJLYZC4J53GRHJY,#5-16-push-to-fit-divider-brush--,60007,5/16 Push to Fit Divider (brush),,5/16 Push to Fit Divider (brush),5/16 Push to Fit Divider (brush),Tucker,Tucker,60007.png,Images\Tucker images\60007.png,C:\Codex\AZCS Inventory\Images\Tucker images\60007.png,https://cdn.shopify.com/s/files/1/0558/4191/4998/files/516-tee-fitting-285820.jpg?v=1746393052
1,77,O6FVUK3E2IKOGOAKR37EKWI6,#5-16-push-to-fit-wye-brush--,60006,5/16 Push to Fit Wye(brush),,5/16 Push to Fit Wye(brush),5/16 Push to Fit Wye(brush),Tucker,Tucker,60006.png,Images\Tucker images\60006.png,C:\Codex\AZCS Inventory\Images\Tucker images\60006.png,https://cdn.shopify.com/s/files/1/0558/4191/4998/files/516-push-to-fit-wyebrush-3472359.png?v=1753306175
1,78,TTP7H5VTYEUPJTJQ3VU4N3RB,#5-16-union-,63014,5/16 union,,5/16 union,Union for Pole Tubing,Tucker,Tucker,63014.png,Images\Tucker images\63014.png,C:\Codex\AZCS Inventory\Images\Tucker images\63014.png,https://cdn.shopify.com/s/files/1/0558/4191/4998/files/union-for-pole-tubing-9243590.png?v=1759914594
1,79,YE7Y4U5YVEACIAMUDR2DY5SK,#5-16-5-way-ptf-divider-regular,60007-5,"5/16"" 5-Way PTF Divider",Regular,5 Way 5/16 Push to Fit Divider (brush),5 Way 5/16 Push to Fit Divider (brush),Tucker,Tucker,60007-5.png,Images\Tucker images\60007-5.png,C:\Codex\AZCS Inventory\Images\Tucker images\60007-5.png,https://cdn.shopify.com/s/files/1/0558/4191/4998/files/516-5-way-ptf-divider-150390.jpg?v=1746392152
1,80,QVM66LK4YE66VOXKQLKDCSSW,#55-pole-kit-,T-55-KIT,55' pole kit,,55' pole kit,Tucker® 55' Water Fed Pole Kit,Tucker,Tucker,T-55-KIT.png,Images\Tucker images\T-55-KIT.png,C:\Codex\AZCS Inventory\Images\Tucker images\T-55-KIT.png,https://cdn.shopify.com/s/files/1/0558/4191/4998/files/tucker-55-water-fed-pole-kit-675135.jpg?v=1746392579
1,81,RR526GYJIPJAFQNBGDRYXK3A,#60-pole-kit-,T-60-KIT,60' pole kit,,60' pole kit,Tucker® 60' Water Fed Pole Kit,Tucker,Tucker,T-60-KIT.png,Images\Tucker images\T-60-KIT.png,C:\Codex\AZCS Inventory\Images\Tucker images\T-60-KIT.png,https://cdn.shopify.com/s/files/1/0558/4191/4998/files/tucker-60-water-fed-pole-kit-578499.jpg?v=1746392587
1,82,LEDVB74MGWOBU4LBRX27ZE5O,#65-pole-kit-,T-65-KIT,65' pole kit,,65' pole kit,Tucker® 65' Water Fed Pole Kit,Tucker,Tucker,T-65-KIT.png,Images\Tucker images\T-65-KIT.png,C:\Codex\AZCS Inventory\Images\Tucker images\T-65-KIT.png,https://cdn.shopify.com/s/files/1/0558/4191/4998/files/tucker-65-water-fed-pole-kit-104897.jpg?v=1746392584
1,83,2TTWBBY5TS4UUWJE4RGAWQWS,#70-pole-kit-,T-70-KIT,70' pole kit,,70' pole kit,Tucker® 70' Water Fed Pole Kit,Tucker,Tucker,T-70-KIT.png,Images\Tucker images\T-70-KIT.png,C:\Codex\AZCS Inventory\Images\Tucker images\T-70-KIT.png,https://cdn.shopify.com/s/files/1/0558/4191/4998/files/tucker-70-water-fed-pole-kit-732925.jpg?v=1746392581
1,84,G3OCWX7P7WTIBPDFYP3WHYVQ,#adjustable-tucker-gooseneck-,T-GN-V1,Adjustable Tucker Gooseneck,,Adjustable Tucker Gooseneck,Adjustable Tucker® Gooseneck V1,Tucker,Tucker,T-GN-V1.png,Images\Tucker images\T-GN-V1.png,C:\Codex\AZCS Inventory\Images\Tucker images\T-GN-V1.png,https://cdn.shopify.com/s/files/1/0558/4191/4998/products/adjustable-tucker-gooseneck-v1-672563.jpg?v=1746392387
1,85,LLNKUIUNIGQJ2TWL744FGPDN,#adjustable-tucker-gooseneck-w-quick-release-for-1-clamp-,T-GN-V2,Adjustable Tucker Gooseneck w/ Quick Release for #1 Clamp,,Adjustable Tucker Gooseneck w/ Quick Release for #1 Clamp,Adjustable Tucker® Gooseneck V2,Tucker,Tucker,T-GN-V2.png,Images\Tucker images\T-GN-V2.png,C:\Codex\AZCS Inventory\Images\Tucker images\T-GN-V2.png,https://cdn.shopify.com/s/files/1/0558/4191/4998/files/adjustable-tucker-gooseneck-v2-670966.jpg?v=1746392568
1,86,2QLRM7XEPYE6IOWV4GC7ESWD,#aluminum-acme-tip-for-1-clamp-,T-ACME-TIP-ALUMINUM,Aluminum Acme Tip for #1 Clamp,,Aluminum Acme Tip for #1 Clamp,Tucker® ACME Tip,Tucker,Tucker,T-ACME-TIP-ALUMINUM.jpeg,Images\Tucker images\T-ACME-TIP-ALUMINUM.jpeg,C:\Codex\AZCS Inventory\Images\Tucker images\T-ACME-TIP-ALUMINUM.jpeg,https://cdn.shopify.com/s/files/1/0558/4191/4998/products/tucker-acme-tip-725811.jpg?v=1746392646
1,87,TFFMFHDD3IH6IGAMZWD3GSLV,#auxiliary-50-gallon-tucker-tank-,T-50-AUX,Auxiliary 50 Gallon Tucker Tank,,Auxiliary 50 Gallon Tucker Tank,Auxiliary 50 Gallon Tucker Tank,Tucker,Tucker,T-50-AUX.png,Images\Tucker images\T-50-AUX.png,C:\Codex\AZCS Inventory\Images\Tucker images\T-50-AUX.png,https://cdn.shopify.com/s/files/1/0558/4191/4998/files/auxiliary-50-gallon-tucker-tank-143532.jpg?v=1746392191
1,88,BHKN7UDRU26SPJ6E6LXKLXVD,#barrel-only-for-aluminum-clamp-body-,T-CLAMPBARREL,Barrel only for aluminum clamp body,,Barrel only for aluminum clamp body,Barrel only for aluminum clamp body,Tucker,Tucker,T-CLAMPBARREL.png,Images\Tucker images\T-CLAMPBARREL.png,C:\Codex\AZCS Inventory\Images\Tucker images\T-CLAMPBARREL.png,
1,89,SFJWJPBPOVMXLIPL5R6GPX3W,#battery-hold-down-,12013,Battery Hold-Down,,Battery Hold-Down,Battery Hold-Down,Tucker,Tucker,12013.png,Images\Tucker images\12013.png,C:\Codex\AZCS Inventory\Images\Tucker images\12013.png,
1,90,TIG34QRMQPCAKVWI5RFRWAFP,#bracket-for-bypass-valve-,T-VALVE-BRACKET,Bracket for Bypass Valve,,Bracket for Bypass Valve,Bracket for Bypass Valve,Tucker,Tucker,T-VALVE-BRACKET.jpeg,Images\Tucker images\T-VALVE-BRACKET.jpeg,C:\Codex\AZCS Inventory\Images\Tucker images\T-VALVE-BRACKET.jpeg,
1,91,ZNQAZYIWFRZWVYBVDIJPR3H5,#bracket-for-saddle-clamp-,BRACKET-WIDECLAMP,Bracket for Saddle Clamp,,Bracket for Saddle Clamp,Bracket for Saddle Clamp,Tucker,Tucker,BRACKET-WIDECLAMP.jpeg,Images\Tucker images\BRACKET-WIDECLAMP.jpeg,C:\Codex\AZCS Inventory\Images\Tucker images\BRACKET-WIDECLAMP.jpeg,
1,92,P73DKH22GHHPD3ENCDFKNYNK,#brass-garden-hose-splitter-,T-GHS-BRASS,Brass Garden Hose Splitter,,Brass Garden Hose Splitter,Brass Garden Hose Splitter,Tucker,Tucker,T-GHS-BRASS.png,Images\Tucker images\T-GHS-BRASS.png,C:\Codex\AZCS Inventory\Images\Tucker images\T-GHS-BRASS.png,https://cdn.shopify.com/s/files/1/0558/4191/4998/files/brass-garden-hose-splitter-1627536.png?v=1753305992
1,93,Y473GVIYTXYW6CFSAWTFLUQP,#check-valve-1-2--,63042,"Check Valve 1/2""",,"Check Valve 1/2""","Check Valve 1/2""",Tucker,Tucker,63042.png,Images\Tucker images\63042.png,C:\Codex\AZCS Inventory\Images\Tucker images\63042.png,https://cdn.shopify.com/s/files/1/0558/4191/4998/files/check-valve-12-6012021.png?v=1769626510
1,94,COHM2GY3T7SYZUX57BOCM6R5,#diy-delivery-panel-w-remote-,10070-12-REMOTE,DIY Delivery Panel w/Remote,,DIY Delivery Panel w/ Remote,12v Delivery Panel w/Controller and Long Range Remote,Tucker,Tucker,10070-12-REMOTE.png,Images\Tucker images\10070-12-REMOTE.png,C:\Codex\AZCS Inventory\Images\Tucker images\10070-12-REMOTE.png,https://cdn.shopify.com/s/files/1/0558/4191/4998/files/12v-delivery-panel-wcontroller-and-long-range-remote-207622.jpg?v=1746393103
1,95,U7YSZR2JEUKZDA6HSUZQYKH6,#end-cap-for-25-tucker-carbon-fiber-pole-,T-5BR-CF,End Cap for 25' Tucker Carbon Fiber Pole,,End Cap for 25' Tucker Carbon Fiber Pole,Replacement Plastic End Cap #5,Tucker,Tucker,T-5BR-CF.png,Images\Tucker images\T-5BR-CF.png,C:\Codex\AZCS Inventory\Images\Tucker images\T-5BR-CF.png,https://cdn.shopify.com/s/files/1/0558/4191/4998/products/replacement-plastic-end-cap-5-760376.jpg?v=1746392841
1,96,ZZ5WTI4NKICCQELXKXTOFXT4,#end-cap-for-tucker-carbon-fiber-pole-,T-4BR-CF,End Cap for Tucker Carbon Fiber Pole,,End Cap for Tucker Carbon Fiber Pole,End Cap for Tucker Carbon Fiber Pole,Tucker,Tucker,T-4BR-CF.png,Images\Tucker images\T-4BR-CF.png,C:\Codex\AZCS Inventory\Images\Tucker images\T-4BR-CF.png,
1,97,SVFPB2VILPTP5VHLCBUBVX5H,#ez-dial-clamp-adjuster-,T-DIAL-ASSEMBLY,EZ Dial Clamp Adjuster,,EZ Dial Clamp Adjuster,EZ Dial Clamp Adjuster,Tucker,Tucker,T-DIAL-ASSEMBLY.png,Images\Tucker images\T-DIAL-ASSEMBLY.png,C:\Codex\AZCS Inventory\Images\Tucker images\T-DIAL-ASSEMBLY.png,https://cdn.shopify.com/s/files/1/0558/4191/4998/files/ez-dial-clamp-adjuster-6844777.png?v=1753305995
1,98,O5EH5CUK4D7OIMOMOMGCKLAO,#ez-ro-conversion-kit-,20001-E-UGK,EZ RO Conversion kit,,EZ RO Conversion kit,Stainless Steel RO Membrane Housing Upgrade,Tucker,Tucker,20001-E-UGK.png,Images\Tucker images\20001-E-UGK.png,C:\Codex\AZCS Inventory\Images\Tucker images\20001-E-UGK.png,https://cdn.shopify.com/s/files/1/0558/4191/4998/products/stainless-steel-ro-membrane-housing-upgrade-860856.jpg?v=1746392507
1,99,BLR55ZKXQOW4CKCWO2V5FRO5,#female-quick-connect-for-pole-hose-regular,60040,Female Quick Connect for Pole Hose,Regular,Garden Hose Quick Connect FEMALE w/ valve,Female Quick Connect for Pole Hose,Tucker,Tucker,60040.png,Images\Tucker images\60040.png,C:\Codex\AZCS Inventory\Images\Tucker images\60040.png,https://cdn.shopify.com/s/files/1/0558/4191/4998/products/female-quick-connect-for-pole-hose-143273.jpg?v=1746393061
1,100,GISRPPJUPHU4WSTRRMHKEEHE,#fittings-repair-kit-,T-CART-REPAIR-KIT,Fittings Repair Kit,,Fittings Repair Kit,Fittings Repair Kit,Tucker,Tucker,T-CART-REPAIR-KIT.png,Images\Tucker images\T-CART-REPAIR-KIT.png,C:\Codex\AZCS Inventory\Images\Tucker images\T-CART-REPAIR-KIT.png,
1,101,WZXL56RNAJXOJHJXU7JHZDHU,#grey-holster-bucket-on-a-belt-,T-BOAB-GRY,Grey Holster Bucket on a Belt,,Grey Bucket on a Belt,Bucket On A Belt (Grey),Tucker,Tucker,T-BOAB-GRY.png,Images\Tucker images\T-BOAB-GRY.png,C:\Codex\AZCS Inventory\Images\Tucker images\T-BOAB-GRY.png,https://cdn.shopify.com/s/files/1/0558/4191/4998/products/bucket-on-a-belt-grey-387022.jpg?v=1746392268
1,102,WPG5I4ORVLRPBC3VD34RUBI3,#inline-pressure-gauge-,T-INLINE-GAUGE,Inline Pressure Gauge,,Inline Pressure Gauge,Inline Pressure Gauge,Tucker,Tucker,T-INLINE-GAUGE.png,Images\Tucker images\T-INLINE-GAUGE.png,C:\Codex\AZCS Inventory\Images\Tucker images\T-INLINE-GAUGE.png,https://cdn.shopify.com/s/files/1/0558/4191/4998/files/inline-pressure-gauge-8037899.png?v=1771283660
1,103,ZEMBWOU4FECDRWVMLMVSVGN6,#jet-and-rinse-bar-simultaneous-operation-kit-for-alpha-brushes-,T-ALPHA-SIMUL-KIT,Jet and Rinse Bar Simultaneous Operation Kit for Alpha Brushes,,Jet and Rinse Bar Simultaneous Operation Kit for Alpha Brushes,Jet and Rinse Bar Simultaneous Operation Kit for Alpha Brushes,Tucker,Tucker,T-ALPHA-SIMUL-KIT.png,Images\Tucker images\T-ALPHA-SIMUL-KIT.png,C:\Codex\AZCS Inventory\Images\Tucker images\T-ALPHA-SIMUL-KIT.png,https://cdn.shopify.com/s/files/1/0558/4191/4998/products/jet-and-rinse-bar-simultaneous-operation-kit-for-alpha-brushes-447048.jpg?v=1746392489
1,104,FVDWN63F64LNSAGJBVOXFCAA,#loct-adjustable-tucker-gooseneck-w-quick-release-for-1-clamp-,T-GN-V2-LT,LOCT Adjustable Tucker Gooseneck w/ Quick Release for #1 Clamp,,LOCT Adjustable Tucker Gooseneck w/ Quick Release for #1 Clamp,LOCT Adjustable Tucker Gooseneck w/ Quick Release for #1 Clamp,Tucker,Tucker,T-GN-V2-LT.jpeg,Images\Tucker images\T-GN-V2-LT.jpeg,C:\Codex\AZCS Inventory\Images\Tucker images\T-GN-V2-LT.jpeg,https://cdn.shopify.com/s/files/1/0558/4191/4998/files/loct-adjustable-tucker-gooseneck-w-quick-release-for-1-clamp-206844.jpg?v=1746392290
1,105,Q64RQTH5UZZG6LBWY5FJCDM7,#loct-brush-socket-regular,T-BRUSH-LOCT,LOCT Brush Socket,Regular,"Loct Brush Socket, Black",LOCT Brush Socket,Tucker,Tucker,T-BRUSH-LOCT.jpeg,Images\Tucker images\T-BRUSH-LOCT.jpeg,C:\Codex\AZCS Inventory\Images\Tucker images\T-BRUSH-LOCT.jpeg,https://cdn.shopify.com/s/files/1/0558/4191/4998/products/loct-brush-socket-176977.jpg?v=1746392242
1,106,BKPBZWDCS2FJ3ZXAH2WC5ZPR,#loct-end-of-adjustable-tucker-gooseneck-,T-GN-ADJ-LOCT,LOCT end of adjustable Tucker Gooseneck,,LOCT end of adjustable Tucker Gooseneck,LOCT End Of Adjustable Tucker® Gooseneck,Tucker,Tucker,T-GN-ADJ-LOCT.jpeg,Images\Tucker images\T-GN-ADJ-LOCT.jpeg,C:\Codex\AZCS Inventory\Images\Tucker images\T-GN-ADJ-LOCT.jpeg,https://cdn.shopify.com/s/files/1/0558/4191/4998/products/loct-end-of-adjustable-tucker-gooseneck-560459.jpg?v=1746392298
1,107,BVQXRRKRMHSAFEI37NZIVVHE,#loct-reach-around-gooseneck-w-quick-release-for-1-clamp-regular,40001-V2-LT,LOCT Reach Around Gooseneck w/ Quick Release for #1 Clamp,Regular,LOCT Reach Around Gooseneck w/ Quick Release for #1 Clamp,LOCT Reach Around Gooseneck w/ Quick Release for #1 Clamp,Tucker,Tucker,40001-V2-LT.jpeg,Images\Tucker images\40001-V2-LT.jpeg,C:\Codex\AZCS Inventory\Images\Tucker images\40001-V2-LT.jpeg,https://cdn.shopify.com/s/files/1/0558/4191/4998/products/loct-reach-around-gooseneck-w-quick-release-for-1-clamp-769825.jpg?v=1746392293
1,108,ZFQAGVSGZIGOEE2RECIL5SSK,#loct-tip-for-1-clamp-,T-LOCT-TIP,LOCT Tip for #1 Clamp,,LOCT Tip for #1 Clamp,LOCT Tip for #1 Clamp,Tucker,Tucker,T-LOCT-TIP.jpeg,Images\Tucker images\T-LOCT-TIP.jpeg,C:\Codex\AZCS Inventory\Images\Tucker images\T-LOCT-TIP.jpeg,
1,109,RS3SYKNR7TXZ5ML6R26EHQKP,#lubricant-packet-,T-LUBE,Lubricant Packet,,Lubricant Packet,Lubricant Packet,Tucker,Tucker,T-LUBE.png,Images\Tucker images\T-LUBE.png,C:\Codex\AZCS Inventory\Images\Tucker images\T-LUBE.png,https://cdn.shopify.com/s/files/1/0558/4191/4998/products/lubricant-packet-901289.jpg?v=1746392327
1,110,QFAGPN7GCAWC2WKBCAOFDR3L,#male-and-female-quick-connect-for-pole-hose-and-garden-hose-,60040-005,Male and Female Quick connect for pole hose and garden hose,,Male and Female Quick connect for pole hose and garden hose,Male and Female Quick Connect for Pole Hose and Garden Hose,Tucker,Tucker,60040-005.png,Images\Tucker images\60040-005.png,C:\Codex\AZCS Inventory\Images\Tucker images\60040-005.png,https://cdn.shopify.com/s/files/1/0558/4191/4998/products/male-and-female-quick-connect-for-pole-hose-and-garden-hose-766782.jpg?v=1746392533
1,111,ADEG2IDBZKVTD5YPM552Y5NR,#max-output-110v-complete-,T-MO-110,Max Output 110v Complete,,Max Output 110v Complete,Tucker® Max Output 5-Stage RO/DI System,Tucker,Tucker,T-MO-110.jpeg,Images\Tucker images\T-MO-110.jpeg,C:\Codex\AZCS Inventory\Images\Tucker images\T-MO-110.jpeg,https://cdn.shopify.com/s/files/1/0558/4191/4998/products/tucker-max-output-5-stage-rodi-system-124622.jpg?v=1770223109
1,112,2SFCZHZAYSFAIIDL5TGCBW6C,#no-flat-wheel-,T-WHEEL-NF,No Flat Wheel,,No Flat Wheel,No Flat Wheel,Tucker,Tucker,T-WHEEL-NF.png,Images\Tucker images\T-WHEEL-NF.png,C:\Codex\AZCS Inventory\Images\Tucker images\T-WHEEL-NF.png,
1,113,TQOPASETJG32CAB3BARFCZ2K,#no-flat-wheel-retrofit-kit-w-2-bolts-and-2-split-washers-,T-NOFLAT-KIT,No Flat Wheel Retrofit Kit w/ 2 bolts and 2 split washers,,No Flat Wheel Retrofit Kit w/ 2 bolts and 2 split washers,No Flat Wheel Retrofit Kit,Tucker,Tucker,T-NOFLAT-KIT.png,Images\Tucker images\T-NOFLAT-KIT.png,C:\Codex\AZCS Inventory\Images\Tucker images\T-NOFLAT-KIT.png,https://cdn.shopify.com/s/files/1/0558/4191/4998/files/no-flat-wheel-retrofit-kit-114472.jpg?v=1746392735
1,114,OPS7PCCLJ2LMCFFTB5YPC25X,#o-ring-for-2-5-housing-,20067-SMALL,"O-ring for 2.5"" Housing",,"O-ring for 2.5"" Housing",Replacement O-ring for Tucker® Carbon Housing,Tucker,Tucker,20067-SMALL.png,Images\Tucker images\20067-SMALL.png,C:\Codex\AZCS Inventory\Images\Tucker images\20067-SMALL.png,https://cdn.shopify.com/s/files/1/0558/4191/4998/products/replacement-o-ring-for-tucker-carbon-housing-446279.jpg?v=1746392674
1,115,NB2KTXXGAOC5GEY7RWY3G264,#o-ring-for-4-5-housing-,20067-LARGE,"O-ring for 4.5"" Housing",,"O-ring for 4.5"" Housing",Replacement O-ring for Tucker® DI Housing,Tucker,Tucker,20067-LARGE.png,Images\Tucker images\20067-LARGE.png,C:\Codex\AZCS Inventory\Images\Tucker images\20067-LARGE.png,https://cdn.shopify.com/s/files/1/0558/4191/4998/products/replacement-o-ring-for-tucker-di-housing-623971.jpg?v=1746392897
1,116,KGXWWNU5KIVBSKSUCEH4WRFI,#plastic-euro-tip-for-1-clamp-,T-EURO-TIP-PLASTIC,Plastic Euro Tip for #1 Clamp,,Plastic Euro Tip for #1 Clamp,Tucker® Euro Tip,Tucker,Tucker,T-EURO-TIP-PLASTIC.png,Images\Tucker images\T-EURO-TIP-PLASTIC.png,C:\Codex\AZCS Inventory\Images\Tucker images\T-EURO-TIP-PLASTIC.png,https://cdn.shopify.com/s/files/1/0558/4191/4998/products/tucker-euro-tip-486717.jpg?v=1746392648
1,117,LTPL264GJPXKBPXHCSUG7KZW,#plastic-rinse-bar-xl-w-screws-,T-OTT-XL-V2-P,Plastic Rinse Bar XL w/SCREWS,,Plastic Rinse Bar XL,Tucker® Over the Top Rinse Bar Large PLASTIC,Tucker,Tucker,T-OTT-XL-V2-P.png,Images\Tucker images\T-OTT-XL-V2-P.png,C:\Codex\AZCS Inventory\Images\Tucker images\T-OTT-XL-V2-P.png,https://cdn.shopify.com/s/files/1/0558/4191/4998/products/tucker-over-the-top-rinse-bar-large-plastic-125982.jpg?v=1746392932
1,118,IOKDFZR5CJTI32TGEUQQE44U,#reel-base-for-tucker-reels-,T-RB,Reel Base for Tucker? Reels,,Reel Base for Tucker® Reels,Reel Base for Tucker® Reels,Tucker,Tucker,T-RB.png,Images\Tucker images\T-RB.png,C:\Codex\AZCS Inventory\Images\Tucker images\T-RB.png,https://cdn.shopify.com/s/files/1/0558/4191/4998/files/reel-base-for-tucker-reels-8177465.png?v=1753305978
1,119,6J2WQRXVWFFEVA2BS4KTUYE6,#replacement-battery-for-flow-controller-,80004-BAT,Replacement Battery for Flow Controller,,Replacement Battery for Flow Controller,Replacement Battery for Flow Controller,Tucker,Tucker,80004-BAT.png,Images\Tucker images\80004-BAT.png,C:\Codex\AZCS Inventory\Images\Tucker images\80004-BAT.png,https://cdn.shopify.com/s/files/1/0558/4191/4998/products/replacement-battery-for-flow-controller-660357.jpg?v=1746392526
1,120,LTOCTE4I73UMBF37QKTMUL6G,#replacement-brush-socket-regular,T-SOCKET-90,Replacement Brush Socket,Regular,"EURO Brush Socket, Black","EURO Brush Socket, Black",Tucker,Tucker,T-SOCKET-90.png,Images\Tucker images\T-SOCKET-90.png,C:\Codex\AZCS Inventory\Images\Tucker images\T-SOCKET-90.png,https://cdn.shopify.com/s/files/1/0558/4191/4998/files/euro-brush-socket-black-9698643.png?v=1753305972
1,121,2ZWYOYZZP6MHYG27W2S6GS6C,#rival-ro-di-cart-,T-CART-RIVAL,RIVAL RO/DI Cart,,Tucker Rival RO/DI Cart,Tucker Rival RO/DI Cart,Tucker,Tucker,T-CART-RIVAL-V2.jpeg,Images\Tucker images\T-CART-RIVAL-V2.jpeg,C:\Codex\AZCS Inventory\Images\Tucker images\T-CART-RIVAL-V2.jpeg,https://cdn.shopify.com/s/files/1/0558/4191/4998/files/rival-v2-by-tucker-stainless-steel-4-stage-rodi-system-831308.jpg?v=1746392065
1,122,P5O3NMB7KD465L6NO2TK2YZQ,#rival-stage-diy-kit-,T-RIVAL+DIY,RIVAL+ stage DIY KIT,,RIVAL+ stage DIY KIT,Tucker® DIY 4-Stage RO/DI Kit,Tucker,Tucker,T-RIVAL+DIY.png,Images\Tucker images\T-RIVAL+DIY.png,C:\Codex\AZCS Inventory\Images\Tucker images\T-RIVAL+DIY.png,https://cdn.shopify.com/s/files/1/0558/4191/4998/files/tucker-diy-4-stage-rodi-kit-787466.jpg?v=1746392398
1,123,BQTNCOX6QAASUZW4SUYM5HRD,#ro-preserve-,20000,RO PRESERVE,,RO PRESERVE,RO Preserve,Tucker,Tucker,20000.png,Images\Tucker images\20000.png,C:\Codex\AZCS Inventory\Images\Tucker images\20000.png,https://cdn.shopify.com/s/files/1/0558/4191/4998/products/ro-preserve-901801.jpg?v=1746393089
1,124,GHSE43O35XFWJNA5MY7KKJCL,#saddle-clamp-for-ss-housing-,12021-A-SS,Saddle Clamp for SS Housing,,Saddle Clamp for SS Housing,Stainless Steel Housing Clamp,Tucker,Tucker,12021-A-SS.png,Images\Tucker images\12021-A-SS.png,C:\Codex\AZCS Inventory\Images\Tucker images\12021-A-SS.png,https://cdn.shopify.com/s/files/1/0558/4191/4998/products/stainless-steel-housing-clamp-618734.jpg?v=1746392902
1,125,FSMZK4XCTYDEQDQ4HMHRNXXN,#shaft-end-of-adjustable-tucker-gooseneck-,T-GN-ADJ-V2,Shaft end of adjustable Tucker Gooseneck,,Shaft end of adjustable Tucker Gooseneck,V2 end of Adjustable Tucker® Gooseneck,Tucker,Tucker,T-GN-ADJ-V2.png,Images\Tucker images\T-GN-ADJ-V2.png,C:\Codex\AZCS Inventory\Images\Tucker images\T-GN-ADJ-V2.png,https://cdn.shopify.com/s/files/1/0558/4191/4998/files/v2-end-of-adjustable-tucker-gooseneck-960696.jpg?v=1746392426
1,126,GHAEDL7KPXF3EIONI4P5DPB2,#solar-alpha-20-,T-20ALPHA-SOLAR,Solar Alpha 20,,Solar Alpha 20,Solar Alpha 20,Tucker,Tucker,T-20ALPHA-SOLAR.jpeg,Images\Tucker images\T-20ALPHA-SOLAR.jpeg,C:\Codex\AZCS Inventory\Images\Tucker images\T-20ALPHA-SOLAR.jpeg,
1,127,HRUDDIY4IRCMPIAHJZOZMVMU,#solar-boost-27-w-alpha-solar-brush-,SOLAR-BOOST-COMPLETE,Solar Boost 27 w/ Alpha solar brush,,Solar Boost 27 w/ Alpha solar brush,Solar Boost 27' Water-Fed Pole Kit w/ XL Alpha Badger Solar Brush,Tucker,Tucker,SOLAR-BOOST-COMPLETE.jpeg,Images\Tucker images\SOLAR-BOOST-COMPLETE.jpeg,C:\Codex\AZCS Inventory\Images\Tucker images\SOLAR-BOOST-COMPLETE.jpeg,https://cdn.shopify.com/s/files/1/0558/4191/4998/files/solar-boost-27-water-fed-pole-kit-w-alpha-solar-brush-263867.jpg?v=1749562917
1,128,PRQ3FAKG4AE43NJHLTT22XAD,#spot-free-100-gallon-ro-di-dual-user-,T-100-PRO-DU,Spot Free 100 Gallon RO/DI Dual User,,Spot Free 100 Gallon RO/DI Dual User,Spot Free 100 Gallon RO/DI Dual User,Tucker,Tucker,T-100-PRO-DU.png,Images\Tucker images\T-100-PRO-DU.png,C:\Codex\AZCS Inventory\Images\Tucker images\T-100-PRO-DU.png,
1,129,LAH7ZFJ3OMSEKHEOOL2ZZ2PF,#standard-size-boar-bristle-brush-,T-12BB,Standard Size Boar Bristle Brush,,Standard Size Boar Bristle Brush,Standard Size Boar Bristle Brush,Tucker,Tucker,T-12BB.png,Images\Tucker images\T-12BB.png,C:\Codex\AZCS Inventory\Images\Tucker images\T-12BB.png,
1,130,5SM52HGWOCXD2H3FIL6P56OU,#standard-size-boar-bristle-brush-w-head-,T-12BBH,Standard Size Boar Bristle Brush w/Head,,Standard Size Boar Bristle Brush w/ Head,Standard Size Boar Bristle Brush w/ Head,Tucker,Tucker,T-12BBH.png,Images\Tucker images\T-12BBH.png,C:\Codex\AZCS Inventory\Images\Tucker images\T-12BBH.png,
1,131,UKXSO5HJIQD54FM6QRZZERQ6,#standard-size-rinse-bar-v2-,T-OTT-STD-V2,Standard Size Rinse Bar V2,,Standard Size Rinse Bar V2,Tucker® Over the Top Rinse Bar Small - Plastic,Tucker,Tucker,T-OTT-STD-V2.png,Images\Tucker images\T-OTT-STD-V2.png,C:\Codex\AZCS Inventory\Images\Tucker images\T-OTT-STD-V2.png,https://cdn.shopify.com/s/files/1/0558/4191/4998/products/tucker-over-the-top-rinse-bar-small-plastic-897900.jpg?v=1746392934
1,132,I6DCTQO34CN4F2FEWICPF3BW,#threaded-barrel-only-for-clamp-body-,T-CLAMPBARREL-THREADED,Threaded Barrel only for clamp body,,Threaded Barrel only for clamp body,Threaded Barrel only for clamp body,Tucker,Tucker,T-CLAMPBARREL-THREADED.png,Images\Tucker images\T-CLAMPBARREL-THREADED.png,C:\Codex\AZCS Inventory\Images\Tucker images\T-CLAMPBARREL-THREADED.png,
1,133,EPTM5UT6SANMKCDSVMQIBWDH,#tucker-10-clamp-set-w-euro-tip-,T-10PC-SET,Tucker 10 clamp set w/euro tip,,Tucker 10 clamp set w/ euro tip,10 Clamp Replacement Set,Tucker,Tucker,T-10PC-SET.jpeg,Images\Tucker images\T-10PC-SET.jpeg,C:\Codex\AZCS Inventory\Images\Tucker images\T-10PC-SET.jpeg,https://cdn.shopify.com/s/files/1/0558/4191/4998/products/10-clamp-replacement-set-524902.jpg?v=1746392615
1,134,TH4FD7O2HIONF6QRS244QZ6Q,#tucker-110v-booster-pump-system-regular,12025-V2,Tucker 110v Booster Pump System,Regular,Tucker® 110v Booster Pump System,Booster Pump System - 110v,Tucker,Tucker,12025-V2.jpeg,Images\Tucker images\12025-V2.jpeg,C:\Codex\AZCS Inventory\Images\Tucker images\12025-V2.jpeg,https://cdn.shopify.com/s/files/1/0558/4191/4998/products/booster-pump-system-110v-273053.jpg?v=1746393096
1,135,CSYRING6I5AONES2XVDBMPL4,#tucker-3-clamp-set-w-euro-tip-,T-3PC-SET,Tucker 3 clamp set w/euro tip,,Tucker 3 clamp set w/ euro tip,3 Clamp Replacement Set,Tucker,Tucker,T-3PC-SET.jpeg,Images\Tucker images\T-3PC-SET.jpeg,C:\Codex\AZCS Inventory\Images\Tucker images\T-3PC-SET.jpeg,https://cdn.shopify.com/s/files/1/0558/4191/4998/products/3-clamp-replacement-set-656416.jpg?v=1746392626
1,136,56A5UIYZZPE72BR6WP3XOAK4,#tucker-4-stage-ro-di-cart-,T-4060,Tucker 4 Stage RO/DI Cart,,Tucker 4 Stage RO/DI Cart,Tucker 4 Stage RO/DI Cart,Tucker,Tucker,T-4060.jpeg,Images\Tucker images\T-4060.jpeg,C:\Codex\AZCS Inventory\Images\Tucker images\T-4060.jpeg,https://cdn.shopify.com/s/files/1/0558/4191/4998/files/tucker-4-stage-rodi-cart-7664208.jpg?v=1753306034
1,137,BLSECK3BZ3OVBVLF5KDGSCVI,#tucker-5-clamp-set-w-euro-tip-,T-5PC-SET,Tucker 5 clamp set w/euro tip,,Tucker 5 clamp set w/ euro tip,5 Clamp Replacement Set,Tucker,Tucker,T-5PC-SET.jpeg,Images\Tucker images\T-5PC-SET.jpeg,C:\Codex\AZCS Inventory\Images\Tucker images\T-5PC-SET.jpeg,https://cdn.shopify.com/s/files/1/0558/4191/4998/products/5-clamp-replacement-set-657861.jpg?v=1746392624
1,138,A5AHGY53KLIDM6OBOHFKBPVI,#tucker-7-clamp-set-w-euro-tip-,T-7PC-SET,Tucker 7 clamp set w/euro tip,,Tucker 7 clamp set w/ euro tip,7 Clamp Replacement Set,Tucker,Tucker,T-7PC-SET.jpeg,Images\Tucker images\T-7PC-SET.jpeg,C:\Codex\AZCS Inventory\Images\Tucker images\T-7PC-SET.jpeg,https://cdn.shopify.com/s/files/1/0558/4191/4998/products/7-clamp-replacement-set-525641.jpg?v=1746392621
1,139,AB62MSQ7LPRIAQDGHXYLQK47,#tucker-9-clamp-set-w-euro-tip-,T-9PC-SET,Tucker 9 clamp set w/euro tip,,Tucker 9 clamp set w/ euro tip,9 Clamp Replacement Set,Tucker,Tucker,T-9PC-SET.jpeg,Images\Tucker images\T-9PC-SET.jpeg,C:\Codex\AZCS Inventory\Images\Tucker images\T-9PC-SET.jpeg,https://cdn.shopify.com/s/files/1/0558/4191/4998/products/9-clamp-replacement-set-689531.jpg?v=1746392618
1,140,7HNRUUWIPSUHWE67OWBEFAVP,#tucker-alpha-glide-,T-12ALPHA-GL-STD,Tucker Alpha Glide,,Tucker® Alpha Glide,Tucker® Alpha Glide - SKU T-12ALPHA-GL-STD,Tucker,Tucker,T-12ALPHA-GL-STD.png,Images\Tucker images\T-12ALPHA-GL-STD.png,C:\Codex\AZCS Inventory\Images\Tucker images\T-12ALPHA-GL-STD.png,https://cdn.shopify.com/s/files/1/0558/4191/4998/products/tucker-alpha-glide-533445.jpg?v=1746392224
1,141,YUWMKFXJB66XGAM2DLISZJJQ,#tucker-alpha-glide-xl-,T-18ALPHA-GL,Tucker Alpha Glide XL,,Tucker® Alpha Glide XL,Tucker® Alpha Glide - XL,Tucker,Tucker,T-18ALPHA-GL.png,Images\Tucker images\T-18ALPHA-GL.png,C:\Codex\AZCS Inventory\Images\Tucker images\T-18ALPHA-GL.png,https://cdn.shopify.com/s/files/1/0558/4191/4998/products/tucker-alpha-glide-533445.jpg?v=1746392224
1,142,A6UNZAOAMHFKHRNWNUOQAEVZ,#tucker-di-tank-1-cube-kit-,T-DI-TANK-935-KIT,Tucker DI Tank 1 Cube KIT,,Tucker® DI Tank 1 Cube KIT,Tucker® DI Tank 1 Cubic Foot Kit,Tucker,Tucker,T-DI-TANK-935-KIT.png,Images\Tucker images\T-DI-TANK-935-KIT.png,C:\Codex\AZCS Inventory\Images\Tucker images\T-DI-TANK-935-KIT.png,https://cdn.shopify.com/s/files/1/0558/4191/4998/files/tucker-di-tank-1-cubic-foot-kit-593515.jpg?v=1746392227
1,143,XQOODPFOI32E33KW7OGGGA3B,#tucker-h2go-w-remote-regular,T-20-MOBI-C,Tucker H2Go w/ Remote,Regular,H2Go w/ Remote,H2Go w/ Remote,Tucker,Tucker,T-20-MOBI-C.jpeg,Images\Tucker images\T-20-MOBI-C.jpeg,C:\Codex\AZCS Inventory\Images\Tucker images\T-20-MOBI-C.jpeg,
1,144,2OQ7ZXO2QLS75LE6KTGKSITE,#tucker-h2pro-wp-regular,H2PROWP,Tucker H2Pro WP,Regular,Tucker H2Pro WP,Tucker H2Pro WP,Tucker,Tucker,10041-SS.jpeg,Images\Tucker images\10041-SS.jpeg,C:\Codex\AZCS Inventory\Images\Tucker images\10041-SS.jpeg,https://cdn.shopify.com/s/files/1/0558/4191/4998/files/RHG-18.jpg?v=1746391989
1,145,PNLCUN6NZTLHT73R4OZ2ODYH,#tucker-hand-carry-hose-reel-w-o-hose-,70009-BARE,Tucker Hand Carry Hose Reel W/O Hose,,Tucker Hand Carry Hose Reel w/ O Hose,Tucker Hand Carry Hose Reel w/ O Hose,Tucker,Tucker,70009-BARE.jpeg,Images\Tucker images\70009-BARE.jpeg,C:\Codex\AZCS Inventory\Images\Tucker images\70009-BARE.jpeg,
1,146,PSKTMHWTWWZHLDLZBIJQLJWU,#tucker-mini-scrubber-replacement-pad-walnut-,40019-WNP,Tucker mini scrubber replacement pad - Walnut,,Tucker® mini scrubber replacement pad - Walnut,Tucker® Mini Scrubber Replacement Pad - Walnut,Tucker,Tucker,40019-WNP.png,Images\Tucker images\40019-WNP.png,C:\Codex\AZCS Inventory\Images\Tucker images\40019-WNP.png,https://cdn.shopify.com/s/files/1/0558/4191/4998/products/tucker-mini-scrubber-replacement-pad-walnut-798327.jpg?v=1746392422
1,147,IBFMK4XTMU6IT2S4Q6YCQES5,#tucker-mini-scrubber-w-extra-pad-,40019,Tucker Mini scrubber w/extra pad,,Tucker® Mini scrubber w/ extra pad,Tucker® Mini Scrubber,Tucker,Tucker,40019.png,Images\Tucker images\40019.png,C:\Codex\AZCS Inventory\Images\Tucker images\40019.png,https://cdn.shopify.com/s/files/1/0558/4191/4998/products/tucker-mini-scrubber-467418.jpg?v=1746392424
1,148,3U6RWANNIVYRRPZ3LQGKIPVC,#tucker-mqc-v2-,60005-V2,Tucker MQC - V2,,Tucker® MQC - V2,Tucker® MQC - V2,Tucker,Tucker,60005-V2.png,Images\Tucker images\60005-V2.png,C:\Codex\AZCS Inventory\Images\Tucker images\60005-V2.png,https://cdn.shopify.com/s/files/1/0558/4191/4998/files/tucker-mqc-v2-7338279.png?v=1753306141
1,149,IQNPB4FRSGTZ6I6Q27UBQVKI,#tucker-reel-handle-arm-,65000-ARM,Tucker Reel Handle Arm,,Tucker Reel Handle Arm,Tucker Reel Handle Arm,Tucker,Tucker,65000-ARM.jpeg,Images\Tucker images\65000-ARM.jpeg,C:\Codex\AZCS Inventory\Images\Tucker images\65000-ARM.jpeg,https://cdn.shopify.com/s/files/1/0558/4191/4998/files/tucker-reel-handle-arm-5889184.jpg?v=1753306108
1,150,PWFNE7ZA7XJY4G2CFAP2M7CV,#tucker-resin-bags-regular,20007-10,Tucker Resin Bags,Regular,Tucker® DI Virgin Resin - 10 Bags,Tucker® DI Virgin Resin - 10 Bags,Tucker,Tucker,20007-10.png,Images\Tucker images\20007-10.png,C:\Codex\AZCS Inventory\Images\Tucker images\20007-10.png,
1,151,O4Y7IPLXBK4GIXL47HFUBKEE,#tucker-swivel-assembly-,T-SWIVEL-V1,Tucker Swivel Assembly,,Tucker® Swivel Assembly,Tucker® Swivel Assembly,Tucker,Tucker,T-SWIVEL-V1.png,Images\Tucker images\T-SWIVEL-V1.png,C:\Codex\AZCS Inventory\Images\Tucker images\T-SWIVEL-V1.png,https://cdn.shopify.com/s/files/1/0558/4191/4998/files/tucker-swivel-assembly-8090850.png?v=1753305974
1,152,KOTL2JQAA5HZWDXLVXVVKDHY,#tucker-swivel-assembly-w-quick-release-for-1-clamp-,T-SWIVEL-V2,Tucker Swivel Assembly w/ Quick Release for #1 Clamp,,Tucker® Swivel Assembly w/ Quick Release for #1 Clamp,Tucker® Swiveling Gooseneck V2,Tucker,Tucker,T-SWIVEL-V2.png,Images\Tucker images\T-SWIVEL-V2.png,C:\Codex\AZCS Inventory\Images\Tucker images\T-SWIVEL-V2.png,https://cdn.shopify.com/s/files/1/0558/4191/4998/products/tucker-swiveling-gooseneck-v2-673680.jpg?v=1746392564
1,153,COE7BBZPNXBCY6ICPZ373BW7,#ultimate-kit-for-commercial-40--,T-ULTIMATE-C-40,Ultimate Kit for Commercial 40',,Ultimate Kit for Commercial 40',The ULTIMATE Commercial Kit 40',Tucker,Tucker,T-ULTIMATE-C-40.png,Images\Tucker images\T-ULTIMATE-C-40.png,C:\Codex\AZCS Inventory\Images\Tucker images\T-ULTIMATE-C-40.png,https://cdn.shopify.com/s/files/1/0558/4191/4998/files/the-ultimate-commercial-kit-40-2395612.png?v=1764653828
1,154,6QSJGZO56VLUOIEXXH7Z7IVG,#ultimate-kit-for-commercial-50--,T-ULTIMATE-C-50,Ultimate Kit for Commercial 50',,Ultimate Kit for Commercial 50',The ULTIMATE Commercial Kit 50',Tucker,Tucker,T-ULTIMATE-C-50.png,Images\Tucker images\T-ULTIMATE-C-50.png,C:\Codex\AZCS Inventory\Images\Tucker images\T-ULTIMATE-C-50.png,https://cdn.shopify.com/s/files/1/0558/4191/4998/files/the-ultimate-commercial-kit-50-6116872.png?v=1764653828
1,155,3SLUHSECMK3QYBYQHSPD4RU3,#ultimate-kit-for-commercial-60--,T-ULTIMATE-C-60,Ultimate Kit for Commercial 60',,Ultimate Kit for Commercial 60',The ULTIMATE Commercial Kit 60',Tucker,Tucker,T-ULTIMATE-C-60.png,Images\Tucker images\T-ULTIMATE-C-60.png,C:\Codex\AZCS Inventory\Images\Tucker images\T-ULTIMATE-C-60.png,https://cdn.shopify.com/s/files/1/0558/4191/4998/files/the-ultimate-commercial-kit-60-6879806.png?v=1764653827
1,156,GGFNBY4K3ISCYC4FVYBCC4MV,#ultimate-kit-for-commercial-70--,T-ULTIMATE-C-70,Ultimate Kit for Commercial 70',,Ultimate Kit for Commercial 70',The ULTIMATE Commercial Kit 70',Tucker,Tucker,T-ULTIMATE-C-70.png,Images\Tucker images\T-ULTIMATE-C-70.png,C:\Codex\AZCS Inventory\Images\Tucker images\T-ULTIMATE-C-70.png,https://cdn.shopify.com/s/files/1/0558/4191/4998/files/the-ultimate-commercial-kit-70-4261918.png?v=1764653827
1,157,T3OGCVBZHEHP3H2KOLA3AF6M,#ultimate-residential-kit-,T-ULTIMATE-KIT-RES,Ultimate Residential Kit,,Ultimate Residential Kit,ULTIMATE Rival Residential Kit - SKU T-ULTIMATE-KIT-RES,Tucker,Tucker,T-ULTIMATE-KIT-RES.png,Images\Tucker images\T-ULTIMATE-KIT-RES.png,C:\Codex\AZCS Inventory\Images\Tucker images\T-ULTIMATE-KIT-RES.png,https://cdn.shopify.com/s/files/1/0558/4191/4998/files/the-ultimate-residential-kit-549344.jpg?v=1746392529
1,158,5EVDJVSGETVMKO7WCPIMXNRL,#ultimate-residential-kit-with-tucker-40-upgrade-,T-ULTIMATE-KIT-RES-40UGK,Ultimate Residential Kit with Tucker 40 upgrade,,Ultimate Residential Kit with Tucker® 40 upgrade,ULTIMATE Rival Residential Kit - Tucker 40 upgrade,Tucker,Tucker,T-ULTIMATE-KIT-RES-40UGK.png,Images\Tucker images\T-ULTIMATE-KIT-RES-40UGK.png,C:\Codex\AZCS Inventory\Images\Tucker images\T-ULTIMATE-KIT-RES-40UGK.png,https://cdn.shopify.com/s/files/1/0558/4191/4998/files/the-ultimate-residential-kit-549344.jpg?v=1746392529
1,159,XD4ZTHKBOMRNIXSWKX2YEKMT,#water-fed-delivery-pump-,12034,Water-Fed Delivery Pump,,Water-Fed Delivery Pump,Tucker® Delivery Pump,Tucker,Tucker,12034.png,Images\Tucker images\12034.png,C:\Codex\AZCS Inventory\Images\Tucker images\12034.png,https://cdn.shopify.com/s/files/1/0558/4191/4998/files/tucker-delivery-pump-197094.jpg?v=1746393114
1,160,BENOQXPN6YREY35233SJHCH3,#wood-cone-tip-for-acme-tips-,T-WCT,Wood Cone Tip for Acme Tips,,Wood Cone Tip for Acme Tips,Wood Cone Tip,Tucker,Tucker,T-WCT.png,Images\Tucker images\T-WCT.png,C:\Codex\AZCS Inventory\Images\Tucker images\T-WCT.png,https://cdn.shopify.com/s/files/1/0558/4191/4998/products/wood-cone-tip-480580.jpg?v=1746392266
1,161,RTZT6G2GBD7ULBV2UK4T2PX3,#xl-nylon-alpha-brush-,T-18ALPHA-DT-XL,XL Nylon Alpha Brush,,XL Nylon Alpha Brush,XL Nylon Alpha Brush,Tucker,Tucker,T-18ALPHA-DT-XL.jpeg,Images\Tucker images\T-18ALPHA-DT-XL.jpeg,C:\Codex\AZCS Inventory\Images\Tucker images\T-18ALPHA-DT-XL.jpeg,
